LastDayWeek,temperature_76001,temperature_54001,temperature_50001,temperature_73001,temperature_68001,temperature_41001,temperature_23001,temperature_05001,temperature_05360,temperature_08001
2007-01-06,26.79899444,28.71625314,30.49998747,24.94696449,30.52705854,26.80822705,31.54484751,18.89146665,19.47231201,32.40434174
2007-01-13,27.44533805,26.01482321,32.67914374,24.26414427,29.50393968,25.54038952,32.84203862,22.23426252,20.91733876,32.19558685
2007-01-20,26.66390697,24.00181602,31.51561175,20.0831746,29.5403895,30.24784542,32.18097959,22.26875914,22.19878214,31.60941598
2007-01-27,28.15620197,27.88880179,33.2146602,23.46074695,28.28170529,29.73970678,32.14046354,23.54603744,27.95981086,33.31645787
2007-02-03,26.31767378,31.45489137,34.92263564,22.73602973,31.10632025,27.31350842,32.51694279,25.35307147,28.22246033,32.42297341
2007-02-10,26.28659467,30.48376342,34.41974456,24.46224566,30.60299897,25.54949779,35.58758893,25.29134423,26.71943903,33.53880706
2007-02-17,23.69057881,30.30680528,33.14730736,22.44452303,29.6580459,25.68800879,35.32125815,24.71922473,28.67712232,33.46434583
2007-02-24,26.35254967,29.73905788,33.44844797,26.4377574,31.6486307,28.34389333,37.46212883,25.92686035,29.04568227,34.81216451
2007-03-03,27.18805741,30.62776263,34.14034784,25.9787679,30.73432841,30.63435643,35.57753127,26.676928,28.6684363,35.8545724
2007-03-10,28.88159572,29.79998825,36.47669337,25.45213834,26.61172194,31.77577446,34.62609966,27.06151415,29.95044164,34.55954293
2007-03-17,32.00844107,30.98715873,32.19663626,27.72528024,30.72526741,27.79603127,34.90852183,26.74863717,29.36327582,33.83253658
2007-03-24,31.32415137,29.59655503,27.55522734,30.7887212,30.8288696,23.91645884,35.33743276,26.35350814,28.64283204,31.69013754
2007-03-31,30.55288088,28.31513191,29.01430151,27.0288618,29.96570221,24.57256357,36.28558869,17.00163276,26.12636931,36.49657382
2007-04-07,29.9304707,28.04636353,29.35697639,25.48432307,27.12367331,28.44962797,35.54192417,22.57687544,25.99821281,37.44362928
2007-04-14,29.08143242,29.25295258,29.09545971,24.9994734,26.98570358,28.12705314,33.49215257,25.82904758,23.4854234,36.09400348
2007-04-21,30.37593552,31.48896433,27.00505616,21.64979266,28.3616911,28.21080059,31.47344005,27.20426923,27.02784186,32.83590862
2007-04-28,31.94906209,27.34027772,29.90094663,24.99804859,29.17956063,25.19479292,30.91049725,22.9223568,27.87597163,30.45007462
2007-05-05,27.59364722,29.58023459,31.91582739,25.98217817,30.3350789,27.42870457,30.26174709,25.29692189,28.40109392,31.86317073
2007-05-12,30.04500342,30.86797921,29.45959587,21.45735853,27.92576376,22.09696017,32.53210278,21.46795259,30.17235597,32.14986063
2007-05-19,28.5803001,28.20773849,28.48799694,24.06998008,29.69677739,25.3210769,30.9269902,25.56411431,27.96359484,30.8904363
2007-05-26,27.77963077,27.89352875,24.48553513,22.92736957,28.01722235,20.00825269,30.00423307,24.8595612,26.62057778,30.25754519
2007-06-02,27.66121624,28.47639588,19.00043299,21.71781986,25.62114044,20.98424173,30.17936584,24.79952604,28.39239645,28.93097049
2007-06-09,27.96237028,30.26984994,25.41617401,26.16294922,28.61511686,23.60062171,30.59955366,24.64187317,27.6230315,33.62609091
2007-06-16,22.84013246,31.61971166,26.08934446,23.30802542,29.51304884,25.35407101,29.58807227,22.98746908,29.74849927,30.21602676
2007-06-23,28.58909218,28.49290961,25.81162742,27.38346192,31.61016432,24.69388234,27.05155846,23.03454049,29.01190865,30.08838141
2007-06-30,30.47554592,29.059348,25.81162742,25.26523437,27.70675006,23.43082208,27.40734885,22.7967059,26.21613127,30.63526882
2007-07-07,26.28503718,30.9629864,26.22917348,25.16524665,24.50151602,25.85447551,29.16811729,24.90510337,28.76433887,34.30383686
2007-07-14,25.73596102,28.90967659,26.18530235,26.77068384,26.4973715,24.75936178,29.56089674,22.36029264,27.32254907,32.18602335
2007-07-21,27.21603373,32.96498739,27.78362039,27.9428248,30.7903386,29.3001417,26.6751639,21.38905108,27.35132043,32.42758725
2007-07-28,25.92912012,31.74119484,28.50072735,20.49965818,30.23107347,27.52905213,27.94520177,21.85880684,25.70640489,29.80647281
2007-08-04,28.28944417,29.72514988,28.56038575,22.96175813,28.16733449,29.46386904,30.55638521,23.45930144,27.91640078,33.55300089
2007-08-11,30.87011022,29.40755241,29.33954004,27.37742592,26.55393027,32.22748575,31.49097023,19.77717214,27.62452527,30.89666607
2007-08-18,29.12882115,29.98024242,29.66389657,26.1381937,26.30829934,30.79331756,31.02607021,22.90343676,25.91785458,33.37864767
2007-08-25,28.14285629,28.98817077,30.59006372,23.97608292,25.68094826,27.36892727,30.2652872,24.17673563,23.69294501,32.65544708
2007-09-01,26.00724579,26.8498327,30.58520839,24.55244391,27.0462658,28.71689196,28.67335451,23.74477761,25.60578492,28.9938591
2007-09-08,29.05601809,27.92171466,28.35874014,28.40049218,29.34604256,30.61959855,30.2926533,24.54896351,27.28357451,30.43152715
2007-09-15,30.75688627,30.46728514,30.00377547,28.23945336,31.733689,34.77998573,30.58905225,25.446108,28.6828561,28.47726566
2007-09-22,29.59608702,29.41854429,24.19673306,22.59555566,30.07256215,34.53668574,29.96655329,23.73752707,23.88706961,30.43974073
2007-09-29,28.53554689,28.65720151,28.01703205,26.2098986,31.55716595,31.68170228,30.90407712,26.83018196,28.49943716,27.07960053
2007-10-06,27.0601835,30.7288932,28.81757094,27.90698104,32.47637994,29.55901131,30.95318508,26.01997464,28.1511244,25.5621208
2007-10-13,28.18978146,27.47317012,28.39788066,25.1079367,27.5235826,27.04324165,29.90884816,24.92697133,27.61952372,26.49241933
2007-10-20,26.55559627,27.04449827,26.31362186,22.02140401,28.74555054,32.13620887,31.51044109,23.48859164,26.08977805,23.2743507
2007-10-27,31.49300586,28.90585047,28.12103409,21.05846503,29.42096847,26.69437444,28.71607129,23.66470245,26.6067512,27.58756887
2007-11-03,28.12272874,25.94180556,29.37583714,20.15314865,27.15994113,16.25284072,30.35696393,22.04198789,26.13175123,29.41437577
2007-11-10,29.78634754,25.98968817,29.48625739,22.20656577,28.4783389,18.77899034,28.96845757,24.11999757,27.77335097,29.99495347
2007-11-17,28.49787198,27.51522658,29.19184404,25.4953795,26.9460424,27.30502447,29.49758744,25.03261362,29.31378193,30.50780203
2007-11-24,27.36625014,27.30497684,29.6843374,26.04844317,28.38814523,27.07425149,29.09678932,22.48993122,27.27736608,28.57223887
2007-12-01,24.03824412,26.82870411,29.59737738,22.19732656,28.17069997,26.72269813,29.42661649,23.62682399,26.98021134,31.38415736
2007-12-08,26.16190878,25.57256328,26.06861161,20.7164441,24.6670902,26.73361458,30.70043195,23.0460748,26.21734993,31.55694058
2007-12-15,27.63782737,25.59953934,30.02500597,19.5452083,29.44835548,23.2017093,30.66012998,24.10439944,23.80404612,29.41488426
2007-12-22,27.87682598,25.91128068,30.3719666,20.44778141,28.70730489,27.83122713,30.15653636,23.99284627,24.10865576,31.62202822
2007-12-29,28.95325076,26.17716655,29.54709066,20.90667951,27.88329806,27.03146996,30.76297417,21.17214019,24.7790005,32.49863258
2008-01-05,28.57290933,25.18123515,27.46900247,23.28097336,31.28010828,23.18539578,31.37957468,21.26815252,26.75549866,31.74568954
2008-01-12,27.06011225,24.5398423,28.81387864,19.55181356,25.94955292,22.92686038,30.21979964,22.46065638,26.53094624,32.45930837
2008-01-19,26.72293686,27.10710273,30.34813697,17.74324512,27.92477437,21.56171895,31.2936463,20.49443188,24.86699905,34.14292912
2008-01-26,27.00551617,28.02318892,32.16136975,17.56196595,28.12972703,25.61104512,32.39183012,22.61933167,21.2061684,32.90464316
2008-02-02,27.75555056,27.31875227,31.51924887,18.04578128,25.91873628,24.8124669,32.34511432,23.66083876,25.13339853,34.56234109
2008-02-09,28.26040603,27.26441276,32.88412027,25.18089855,29.25375354,27.28172658,34.04823306,23.73529048,27.40138569,34.38080041
2008-02-16,31.08787824,27.11438857,32.97647151,23.77664982,28.40300353,28.28827073,33.58142487,23.40594627,25.98719264,33.20491385
2008-02-23,27.6608622,24.55635049,33.37982996,14.93933264,25.79216883,23.99757405,34.43054184,24.39116653,25.48658829,32.63075913
2008-03-01,25.82070642,28.67018353,30.17658244,18.31351392,27.74709185,26.24604985,34.17138919,23.45084289,26.63654106,33.94422474
2008-03-08,23.3086814,26.88719121,36.13842319,17.14781368,23.93361063,25.79913696,36.65080056,23.53076333,23.90958456,37.49578151
2008-03-15,25.29406107,27.69987874,34.16791097,19.12858535,26.50004097,24.97999705,36.6145206,21.91996828,17.14843447,35.65639865
2008-03-22,29.90789735,27.13182254,30.78673547,22.5523245,27.01960695,22.69214059,34.73017249,24.45687008,28.70301193,32.73342496
2008-03-29,30.45354188,27.39676225,33.20532685,20.82892727,25.53074286,24.1589703,34.69366394,24.29125437,26.93169907,35.43618032
2008-04-05,26.14965508,27.96467809,33.45160726,23.57484147,27.23599199,26.32363059,36.41289909,23.43384125,25.82342124,36.4191641
2008-04-12,27.49465664,28.15978648,33.15277239,21.75324975,26.76753729,24.76149623,37.6888023,24.94975218,28.47767727,33.30609075
2008-04-19,27.72806822,29.72547617,33.15277239,25.76790021,28.12010026,22.07047609,38.5971299,25.57500982,26.60593267,37.26841888
2008-04-26,27.74608337,29.66093035,33.15277239,26.96434391,27.49462471,22.04957062,37.20752819,25.83519951,25.45075421,37.03547964
2008-05-03,26.85995356,28.3291439,31.23982641,26.96434391,28.37812316,26.73854964,29.16426644,26.91931659,27.06316178,39.36969788
2008-05-10,25.20362085,29.61901564,29.19675778,21.48991665,29.20890602,26.98567686,30.56204521,26.76703354,27.3485304,36.81850106
2008-05-17,25.53220877,27.53300053,28.45016821,24.54251694,29.80524316,25.99039506,30.98317038,24.94628598,27.76287174,31.90834376
2008-05-24,24.58562617,27.81658503,27.75024202,25.78660691,30.27773205,24.44098665,30.12600543,23.87944368,25.41302996,32.77620771
2008-05-31,24.71678238,27.60584064,28.04756968,25.72397429,26.33740133,24.95363135,30.28535554,23.25117457,25.81413024,38.21312564
2008-06-07,23.96101645,29.65129682,28.23708396,23.41797444,26.60879357,25.59220577,29.31321235,22.38321597,26.11122444,35.21743062
2008-06-14,20.93024082,28.09210234,28.62728091,24.41686796,28.86136552,26.68949255,27.41834951,24.12510948,27.57090906,32.38308819
2008-06-21,26.75691781,29.32546092,28.33524815,20.56203948,28.78696714,28.7691285,28.66487283,17.77134836,24.51151445,32.23372956
2008-06-28,24.74299712,27.40612958,26.89263815,20.3938518,23.14618961,24.60723473,29.60976097,22.46680069,24.89718934,33.35137709
2008-07-05,22.78847079,29.3628957,26.07699568,26.76125852,25.95281282,23.15716281,28.62973296,27.93636361,27.87573228,32.67276241
2008-07-12,30.74619018,26.03855934,26.07699568,23.57519456,26.56714971,22.28799643,29.45191082,27.82423922,28.65673569,33.85289498
2008-07-19,29.56454119,28.75602306,26.73430752,22.39193337,22.02887788,23.86653065,29.24833302,27.42301728,28.68812657,34.28187998
2008-07-26,28.24090036,27.58377407,23.74705029,24.38591762,28.98954986,26.65448639,30.68842979,23.21309043,24.50341498,33.74754819
2008-08-02,27.88500601,26.99109967,26.72772973,23.95951619,30.94437216,31.60579375,29.93807699,22.30968945,22.72904261,35.01173333
2008-08-09,25.2300162,28.73226285,27.69382891,22.95278064,31.48020591,28.4894053,29.35186282,21.45250797,25.04742106,32.1441968
2008-08-16,25.79494615,26.69068545,27.23818353,27.64086227,32.25867207,32.87364801,29.00733004,24.31414075,27.2250268,32.7636033
2008-08-23,25.4178348,29.37785528,26.30177941,23.56232649,29.17001634,27.9190734,29.92352551,26.83865993,26.18693993,33.46996763
2008-08-30,29.80390023,28.89857996,27.00985547,25.29868771,30.72055519,24.97055493,30.69558997,25.068821,26.56634615,30.63204958
2008-09-06,28.59373886,31.11048234,25.35310162,22.23978252,29.7065577,23.31559123,30.43035362,22.39470085,23.84617704,32.90730578
2008-09-13,27.06442139,32.07849874,29.9437425,25.49311305,32.02957101,30.06974086,29.88549856,23.42395343,26.60269256,33.0555689
2008-09-20,22.10314191,29.71959536,30.32366444,23.056311,31.66964036,29.2769805,30.79082425,25.18777023,25.18827114,32.90092381
2008-09-27,27.78300472,31.02332638,27.1069047,23.47969865,30.65027074,30.16433498,29.43326186,23.51369268,25.93611858,31.21424609
2008-10-04,29.47687365,29.88917668,30.51332475,17.65905875,31.68220278,29.07379249,29.58311826,26.08639438,25.1841951,32.20179327
2008-10-11,28.34419919,28.20559853,29.0220114,24.74765544,32.06287693,26.15917386,29.45568527,28.54347355,25.58489988,30.77776842
2008-10-18,24.87502917,28.33399157,27.13763956,21.31199724,30.1379836,25.62493598,27.39416795,24.97656266,26.42765491,31.17213669
2008-10-25,28.38474921,27.03349725,26.03183176,26.87658257,26.11448891,28.8594564,26.66426098,19.27685745,28.56131565,28.43275485
2008-11-01,28.61899233,27.91266018,29.7655561,21.73974347,27.19482085,26.79549157,30.23143345,24.16468125,28.32438904,27.93209141
2008-11-08,29.92904355,27.75605264,29.54388952,24.92752005,26.93878654,27.51416524,30.13047186,22.03981472,25.9220628,27.09376926
2008-11-15,28.49661135,27.37954999,29.47003351,24.55298949,28.78346769,18.85187685,28.87370909,27.07763816,26.43347074,31.28253736
2008-11-22,28.27530207,26.98659477,26.70279962,24.7885869,30.16057276,19.01159868,29.88303867,25.19864235,27.16486413,27.39688206
2008-11-29,27.8320605,26.92858141,25.30840696,24.09821341,29.98377879,21.64817326,27.71662999,23.4507661,24.22047249,26.81678904
2008-12-06,26.052335,25.86845661,26.93878266,22.1722395,27.29607479,22.38416133,27.74576857,25.49293644,26.22218641,29.26896172
2008-12-13,29.06227949,26.62697332,23.64302352,24.36161749,28.02106809,24.92997418,29.45313642,23.52506133,24.14318302,28.99915802
2008-12-20,28.21001581,25.35823802,27.79967409,21.18729117,27.49620996,18.74210964,29.85874287,21.20222491,27.89623213,31.46563974
2008-12-27,27.55166616,24.43729996,29.0911132,19.60469666,28.44105788,20.37775966,31.74944235,23.51432511,25.60273651,32.5937374
2009-01-03,28.31517044,24.41751601,30.14463105,19.96135075,28.45265732,26.41945487,29.95515615,23.81447238,23.19170284,31.17138372
2009-01-10,27.92457682,24.741317,31.55917188,23.00468159,25.98966362,24.7908643,30.80765364,23.71624529,26.84811702,29.66342801
2009-01-17,22.38042703,26.71746837,31.99134743,21.04107711,28.83757694,27.74896026,30.40753572,21.532044,25.92836996,32.20505136
2009-01-24,22.14283305,25.90561469,30.19146017,21.02233299,27.86504706,23.46745986,32.14044387,19.08747059,24.0421189,27.32017496
2009-01-31,28.78491851,27.45892389,27.49717151,23.20214475,29.33801183,23.03482656,31.89117797,22.71588662,24.67986661,33.6473695
2009-02-07,31.27385606,26.40213516,27.25702259,22.13820018,28.64252248,27.43961071,32.72319681,24.14904559,27.07312451,32.60511476
2009-02-14,28.17358315,25.48805103,32.1659774,21.80058275,28.06226721,25.05176264,34.12244757,23.29180396,26.16015699,33.98701062
2009-02-21,28.62576026,25.24327013,33.20198187,20.16000885,25.2897601,25.76930271,33.55470597,23.89090747,25.78052075,32.45605512
2009-02-28,28.06443048,25.97403321,33.23747127,18.87386178,26.68055752,24.13201911,34.47332508,24.4773581,21.89622913,34.2013135
2009-03-07,27.17470143,27.40657019,30.87039033,19.68482616,30.04576708,26.73455645,35.51135546,21.8740203,27.66284695,31.58564751
2009-03-14,28.05540839,27.40657019,24.49365608,21.61671291,28.24826526,25.17978494,35.20884569,23.12007373,26.33791032,32.72643763
2009-03-21,30.49121397,27.40657019,33.00207173,24.32581669,28.42517773,23.20316151,37.8242953,23.27479275,27.85198337,35.45663264
2009-03-28,30.97998444,27.40657019,33.00207173,23.26784566,28.1557127,23.13007983,37.89966753,23.24967937,28.87875199,36.55091026
2009-04-04,29.88457784,27.07028203,32.71956206,22.79435923,28.73829086,24.73637771,36.59362254,23.66166713,26.90872517,39.02928094
2009-04-11,29.59402678,27.64345453,31.83657352,22.90189301,26.94854876,24.11493459,37.62304319,21.27139371,25.73295341,35.15274868
2009-04-18,28.87224852,26.31616542,31.97634218,27.37030056,27.62123562,28.9283984,37.44119806,21.8773063,26.5968173,37.82588836
2009-04-25,19.6967582,27.5701958,31.66121957,25.60330107,29.11024698,30.10194136,37.82240308,29.44883951,27.14478172,35.30946725
2009-05-02,23.15909709,27.5701958,28.95109889,20.60852502,28.85476182,26.77767513,34.86763719,29.08043896,27.14478172,36.11377324
2009-05-09,28.03584167,28.13204605,26.80836527,20.90281566,29.28458814,25.52615259,32.71089691,24.4716376,27.78105618,36.38857664
2009-05-16,27.99657071,27.80676864,24.8892303,21.17707054,30.90222041,24.85226324,30.12752653,25.83571206,28.1026482,33.75072522
2009-05-23,27.3063636,26.91337839,24.61345273,23.85617268,29.76625357,28.27249745,29.42259158,24.96671078,25.69618135,32.37230274
2009-05-30,27.28724871,29.61676961,29.67396207,23.11928657,30.0892357,27.37632259,30.28362105,26.62792799,28.5009627,30.42662599
2009-06-06,21.84719204,29.52055546,29.00161882,22.95728405,31.73209825,25.38359464,31.23335873,26.66576585,28.68964045,35.7034616
2009-06-13,25.72390867,26.26396261,26.84639206,22.03735804,27.92384132,27.39906733,29.88358052,23.75738474,26.03867647,36.52583942
2009-06-20,28.05985973,28.3009024,27.39446923,20.88431551,28.66724175,23.76314352,29.72088941,24.06886942,22.48761866,33.23691925
2009-06-27,28.05985973,30.78897848,27.58071401,22.55719285,29.36569791,24.03384195,30.50397262,24.45171734,24.7195201,32.09598453
2009-07-04,28.28605466,29.55380203,24.05216944,26.20125514,31.20653633,27.98226508,28.82558836,23.62550239,28.95425143,30.0987998
2009-07-11,28.07744327,28.61085061,24.50676671,25.55792353,31.30121345,27.81981062,30.51451908,19.57295979,30.1322165,33.71318449
2009-07-18,25.21711469,29.38057113,29.03812052,22.71903744,30.95152525,31.26674519,29.13164935,21.30489629,27.36790416,32.67180104
2009-07-25,26.03457544,31.46678825,29.20781493,24.94932506,28.73672629,31.31685053,27.55371747,25.58335609,25.30045899,33.60229183
2009-08-01,28.21411784,30.59642345,26.7549317,21.46052721,30.90753703,27.41870469,31.07482952,22.11974263,26.55816783,34.73053936
2009-08-08,24.95226876,29.70058349,28.7054608,30.02499184,30.87153386,35.29781647,31.26037804,22.77840899,29.14724224,30.51441017
2009-08-15,30.60429108,30.69460721,27.51678798,28.26588543,30.33366603,32.19166855,27.57659119,21.73839441,25.68647871,31.33865639
2009-08-22,30.63952541,26.72950624,26.80744178,25.34753402,31.09602647,30.37021955,28.95977498,22.94662693,25.39054721,26.85857143
2009-08-29,29.5262161,30.95633883,30.47111889,25.67573718,32.1083042,31.38362081,28.6363218,25.33964761,27.15672533,30.55584753
2009-09-05,31.21199829,31.22033657,28.8457144,25.95449678,32.18573825,33.89867493,28.97257269,25.04146174,28.74157224,33.76894775
2009-09-12,31.62227058,30.81307144,30.55539106,25.65541097,30.36835355,29.14132385,29.18342967,25.05065292,30.79898892,36.53307
2009-09-19,33.00442589,31.47211421,24.04473046,22.3552153,31.39423806,28.84926818,27.83857738,20.53021994,26.3365717,35.61496334
2009-09-26,29.6910801,30.00220183,29.97601218,27.29821569,33.6651498,32.90470941,30.45036148,27.33139314,30.87695238,33.51585705
2009-10-03,30.77384456,33.32212035,28.00377802,28.98518372,30.73401133,33.63398634,30.59533289,29.84218116,31.00216549,37.93528849
2009-10-10,31.13510209,32.68947876,25.19116633,31.34957495,29.60551489,31.93564711,30.39523669,28.55044864,29.95819964,34.32437062
2009-10-17,31.95546254,30.59756811,30.22514864,26.03064326,32.62198191,33.10491522,30.95455473,28.50926337,31.43388008,32.07240285
2009-10-24,29.05337632,30.37336308,30.92090159,27.32068361,31.20141787,22.16985322,29.40614792,25.19614732,28.51083689,33.12369221
2009-10-31,26.27874562,29.24669553,26.3532209,27.38843563,30.84450919,26.63749473,29.36760936,26.3518955,28.32533368,34.34654127
2009-11-07,28.23265044,28.38032581,27.39522291,24.35037699,28.13264457,25.84924837,28.96291701,23.85411634,24.06058051,34.77982774
2009-11-14,28.20727223,29.320456,29.95600698,22.24703337,29.88293814,27.91836549,29.69534536,22.18649848,25.8957753,34.82102303
2009-11-21,29.20551368,27.45097141,26.01901129,24.14294587,28.60427138,28.60545033,26.96544891,21.6845116,26.59642236,32.29267142
2009-11-28,30.27936546,30.01854354,30.09925705,26.71887559,28.30301127,30.37012432,28.51933558,24.12422966,26.5770948,32.49610682
2009-12-05,30.88713929,29.50685764,30.90844401,22.09273241,30.01705767,24.731996,29.47002724,23.53391455,25.95432462,33.5057992
2009-12-12,29.34604058,27.07892762,29.79854954,21.76802916,28.93359465,25.72684666,30.43541468,23.88994253,26.80650989,34.59510594
2009-12-19,27.84864801,26.69519177,31.84016917,23.23075533,30.48526905,27.16935726,31.25220419,23.14551592,26.85501223,34.63192065
2009-12-26,30.40631247,28.45942802,28.04326959,23.0352378,28.05865641,23.25919702,31.97837355,20.06610119,26.22491937,34.17052651
2010-01-02,26.87838842,29.24120726,31.20646923,22.94295899,30.61026599,24.62329329,30.90010682,22.21582671,25.52594579,33.05380405
2010-01-09,25.79614696,30.72979269,33.71906028,24.97756255,31.66942191,27.92503794,32.26235849,24.66409142,28.44469067,34.26516344
2010-01-16,26.57713164,30.227212,32.67005159,24.07894081,30.96978959,27.4820524,34.08894736,25.34182389,28.46647246,35.54758043
2010-01-23,27.818933,32.64530673,33.03843835,25.83768994,32.86343986,29.61186007,33.67964106,24.15358775,29.94891656,35.46406598
2010-01-30,29.05201229,28.95959773,34.02300577,23.45575484,31.27209972,27.5985716,35.51313399,20.89535896,30.21456617,34.86917693
2010-02-06,28.13960412,30.88060142,27.88207436,24.96628039,33.16539238,28.21588191,34.64754555,23.76921003,28.28047255,34.770172
2010-02-13,29.76119175,31.57636963,36.91771034,22.01552635,30.29258031,29.88596712,36.55488441,26.33986693,28.88891968,34.22432159
2010-02-20,29.44833664,28.32979527,33.39265596,20.64254517,28.09080504,29.50885396,34.46531451,25.82460795,30.35794092,31.70900438
2010-02-27,31.9391158,24.11981639,27.90124216,20.17095139,25.87366358,29.7189847,34.66931765,26.38572336,29.22425516,38.16837213
2010-03-06,29.9910709,29.71400126,25.23687872,28.98229659,28.99774753,19.31458477,35.41432748,27.14000347,28.76123206,38.13775887
2010-03-13,30.22590331,28.97879763,24.27919139,26.46894603,32.12128986,17.87308813,35.24211494,27.94180181,30.43252511,36.78072998
2010-03-20,29.84404214,28.7311822,30.727744,26.33779564,33.42778394,30.52905514,35.24211494,24.72192137,29.11494706,35.52728909
2010-03-27,29.38665329,32.30026403,29.21002654,24.02067462,33.17578745,27.3997242,34.93474757,26.59131273,29.91376957,36.24113386
2010-04-03,27.83275736,31.18210789,27.35993683,23.57416288,30.43327012,26.92743894,35.24802746,26.64996046,29.32466306,37.16229868
2010-04-10,28.02086529,30.9693526,27.35993683,19.81244636,30.03341881,30.62487964,33.73402779,24.49857405,26.23066818,36.08052829
2010-04-17,27.92421453,30.9693526,26.53547519,19.81244636,30.28294832,25.9188566,32.51601825,25.84550721,27.21214036,33.76467407
2010-04-24,26.62547281,32.84994263,30.24282755,26.01922748,31.22424592,26.53432431,31.89691671,29.2203996,30.56710433,38.23811621
2010-05-01,26.68054724,32.34323358,30.0412175,27.23736772,29.50408544,28.29867196,30.95144475,28.16314214,27.71065915,34.2719535
2010-05-08,26.68054724,30.53720838,18.22188644,27.60307547,29.114931,22.33910123,31.40441794,26.16116907,26.29058158,38.24420469
2010-05-15,26.28937467,31.19359337,16.72263735,26.84596281,30.48735893,21.88601547,30.70438606,26.87982176,29.7286278,31.5369085
2010-05-22,25.04613757,28.90587459,26.57339186,21.37950023,30.15370049,28.12842722,28.98463775,24.00055727,28.20854361,34.44075049
2010-05-29,26.0759376,30.81566328,27.41635292,21.15774982,28.13360409,22.62076848,31.27213221,25.66178969,24.80197592,33.9206769
2010-06-05,27.81348008,31.56044916,25.96162163,21.48299684,28.31744817,23.78665165,29.44709723,25.97951705,27.53048655,33.31758119
2010-06-12,30.20735316,28.61444775,26.82903006,22.34200437,28.3049796,22.81691148,28.93894572,27.1939413,29.0345315,33.08600955
2010-06-19,27.92505327,28.80810859,27.43016534,23.67794001,26.70555662,25.72380518,27.17820228,20.69809703,25.60665678,32.48174313
2010-06-26,30.82029621,28.58538812,26.20418143,25.4715818,29.70417294,21.70990392,29.53378746,23.00513685,26.64269903,30.63045942
2010-07-03,26.88454367,29.57328309,26.63146692,26.59864571,26.02212642,27.81314026,28.47536101,18.87100667,27.01212172,30.0744358
2010-07-10,24.25087556,27.77959291,22.04277177,26.13450057,26.89682012,25.16806476,28.40461233,20.34333266,27.44328434,26.9137353
2010-07-17,23.99854855,26.27315462,23.91748142,24.17928142,26.64556658,23.19328331,27.96153749,20.17889398,25.41768843,30.18404883
2010-07-24,26.77545308,29.97571477,23.68487056,21.94866071,28.02296049,25.31505521,27.54011409,22.04143927,26.24706351,31.621996
2010-07-31,28.35629634,29.88090315,24.24044529,24.18209269,27.52190377,24.40220963,28.21090297,22.44952803,27.57994709,24.82322883
2010-08-07,24.43122397,30.61525888,24.24044529,22.66170521,27.24932061,25.32614007,28.25329634,22.61327588,27.03797494,25.23691974
2010-08-14,29.2593035,30.35769096,25.75585348,27.32737713,24.50176181,29.16331599,29.15324239,25.39822482,29.51162876,30.86051042
2010-08-21,27.97019737,30.94805468,24.62085015,25.12099865,29.60446193,29.89585721,29.89959728,22.0807595,28.93337453,31.3732679
2010-08-28,28.30222429,30.62885889,26.66290764,23.8046855,28.57699261,27.990698,28.93221612,25.83695006,27.94983872,27.29441207
2010-09-04,26.71920134,28.44372583,31.02661685,23.24287447,29.51413682,26.52680156,30.34092083,23.43603424,26.04786655,27.95181409
2010-09-11,25.97828505,30.62614701,27.88039709,24.22164667,30.71002956,28.45786002,29.46123723,23.38940412,25.83117605,31.14891825
2010-09-18,31.50799383,26.56146018,27.23540262,25.94658483,27.95961368,26.54159636,31.27003101,24.95703516,26.04522848,25.71526799
2010-09-25,30.4515433,27.96955269,27.91922529,22.33974212,23.47848996,28.38451617,26.46174616,26.89669048,27.45630124,20.60680464
2010-10-02,27.52276321,26.45574957,30.9257218,22.72308006,27.79837619,24.0584588,30.07000738,27.73031529,27.43269815,21.48996773
2010-10-09,26.34941994,28.77857716,30.09704659,22.21615564,28.36852282,22.09230454,30.28754336,26.36162763,22.79040188,26.90966139
2010-10-16,31.91923127,29.59155638,29.34482897,23.54675533,29.38840866,30.33815557,29.49617284,25.39428334,26.13716212,29.62528815
2010-10-23,31.94631501,28.23448437,29.08170795,17.77854136,28.46002517,29.40931078,28.54388462,25.38182982,27.85979463,27.8702598
2010-10-30,31.57956776,26.1208151,28.80926599,24.83950375,27.03428267,26.33315844,28.62536918,26.17409512,27.85979463,28.18305707
2010-11-06,27.81120389,28.96315759,26.47888352,20.5080778,25.61014414,21.89947442,31.64936538,24.33695646,27.87603304,32.38269255
2010-11-13,26.40198398,27.0103697,27.06859645,20.74083251,22.02848232,23.06259512,27.87425421,23.82596346,25.15884362,28.10067494
2010-11-20,26.90915989,27.87254499,28.39350428,20.19496332,23.97346094,21.40559344,27.97112768,23.82143094,27.18853378,27.79221274
2010-11-27,28.25166732,25.20789476,27.79652994,19.51598865,25.60699811,21.77348277,28.8563746,24.73238401,23.6280597,27.88599819
2010-12-04,28.73485354,25.090802,21.01829143,22.85683398,25.83365579,19.28585531,29.03669283,24.28170394,25.55856714,27.71540124
2010-12-11,28.29370683,26.49579869,21.57919296,20.53160784,26.82267258,22.95633048,27.51848227,22.78700816,26.91386816,29.23597201
2010-12-18,25.87026108,25.59974273,26.5808881,18.4738733,23.24505238,20.70386718,26.80328849,22.99553733,26.01170547,27.98616858
2010-12-25,25.91166546,25.54437973,28.09496792,18.09545874,26.00243153,17.56008894,26.91827315,21.17535533,25.00801983,29.7979843
2011-01-01,25.7964292,26.50314287,27.58068085,19.09619275,27.69621528,23.52290717,29.48971916,23.54142332,27.84496304,31.11067194
2011-01-08,27.38163929,25.1568878,28.79208798,24.0737272,26.7150735,22.1641751,27.49472874,22.47945808,24.56342623,31.69704224
2011-01-15,24.87735159,25.22557583,27.80788375,21.07044712,28.79980381,24.55848188,28.91438209,21.64545811,25.91203871,32.11087521
2011-01-22,24.723379,24.97054321,28.59948354,19.32228403,26.22311794,20.7988399,28.66545028,22.61595622,25.78396758,32.37259746
2011-01-29,26.12176286,25.5911534,27.59557677,19.87390821,26.16382561,20.02379546,30.36284786,23.42313732,25.32202485,33.06060202
2011-02-05,27.50904598,26.71732209,30.97549074,22.78078837,30.06685907,26.50996526,30.99103459,23.24375691,26.60315135,33.28267117
2011-02-12,26.99701562,27.23427637,31.0632899,23.72530852,29.34575839,20.40923775,31.46932475,20.48072923,27.44913365,33.69324948
2011-02-19,26.99701562,24.42858829,29.99823859,21.59954635,26.02905373,25.20740682,32.47132042,27.32464577,27.13209266,33.71646292
2011-02-26,28.50701949,23.29497514,29.51694988,20.62136654,25.25512552,25.4153806,33.89459988,24.26616934,26.88577933,34.80869392
2011-03-05,29.24930659,24.14784687,29.42365256,18.49460053,26.28567043,24.11145451,33.73305467,19.45369176,23.39477157,32.88994049
2011-03-12,27.85467961,24.14784687,30.3105606,18.28259466,24.8559498,23.43449246,31.5996205,23.81208673,24.13628877,36.13414853
2011-03-19,29.69842898,27.37506808,32.02652426,23.86694983,29.03602886,25.26618995,31.6048258,23.29201923,24.53168908,35.02419024
2011-03-26,31.41089166,27.65350222,30.97968073,21.96337728,30.53936162,23.22116377,30.25226307,28.01058826,29.87141515,34.52799924
2011-04-02,27.22836187,24.8820293,30.5555064,22.46118765,28.9242412,26.7301869,33.19434006,27.11314678,27.77689055,30.30106481
2011-04-09,28.9563611,26.38904814,26.99624795,22.44865109,29.86317385,25.33972947,32.30993515,25.90384914,26.3217361,36.47894579
2011-04-16,29.43173375,26.34018861,25.7161572,20.35214085,28.67355743,27.25509635,30.96893923,28.02128863,26.88424427,36.44817049
2011-04-23,31.25727666,27.13478244,25.03741771,21.99071672,25.33215106,27.02629583,30.72907881,29.48034884,26.66652958,31.74788942
2011-04-30,28.06560563,27.16357931,25.58040578,20.53505685,25.38617405,23.640352,32.67214095,21.22498121,27.37457761,34.25727255
2011-05-07,28.56058841,28.60039676,28.0383132,28.32484211,28.33997023,25.63112914,29.27265816,24.76461457,26.53795436,35.53339928
2011-05-14,29.37295295,28.31302849,27.27360507,24.11407459,28.49379193,25.7785095,30.95123593,26.02237563,25.12180004,31.67450826
2011-05-21,27.14582441,28.31302849,27.34521148,21.76314844,28.1804367,25.76057038,29.53408053,24.63971259,25.71597561,32.3354991
2011-05-28,22.99150386,28.97405346,26.85825664,24.44668581,26.39625504,24.59738594,31.07069763,24.90846545,27.06804436,33.27985622
2011-06-04,20.27940087,28.71771606,28.92581955,21.99574682,25.3804835,23.75423595,28.22513614,23.0757607,25.09205596,31.85354792
2011-06-11,24.55364947,28.24727655,25.9287014,25.97389651,25.23113356,27.1135456,30.19800515,22.87531745,24.77508908,30.16925151
2011-06-18,27.56690956,25.16559398,28.15654063,23.46430145,25.23113356,25.30133178,29.02614155,24.81504274,24.66286657,34.17917842
2011-06-25,27.4851492,26.21213896,27.17517157,22.23813398,27.61283678,26.75624385,27.13827375,20.80142316,26.1353952,30.49243098
2011-07-02,23.93180425,26.05847422,24.1647563,24.65845719,28.8471531,27.10538942,27.26359528,22.51770499,27.87078092,31.86704099
2011-07-09,24.86005092,26.69031801,27.91477291,23.08227492,26.65973685,28.59416843,28.36390321,23.13026955,25.60865968,31.81542798
2011-07-16,21.12261883,27.4428544,27.44398734,22.30519648,27.16349989,25.71232786,28.74581193,25.13061069,23.70023485,31.07253047
2011-07-23,25.16258466,28.32935129,27.98361718,27.16688563,27.05119992,23.62495009,28.3903245,23.1801257,26.20985328,35.21507533
2011-07-30,26.21674758,30.88982848,27.44076773,18.76552078,28.11260931,25.64804646,29.75244364,21.91674082,24.25068238,31.21497214
2011-08-06,25.96593995,29.53424635,27.46798523,23.43459275,27.26439844,26.11234025,29.92291815,22.48750395,25.65704057,30.34512949
2011-08-13,25.31608993,30.77045315,28.01753853,30.70944321,29.40254799,25.82711868,28.17538562,24.43699763,29.52710313,33.52238131
2011-08-20,30.2414305,30.62726078,29.51915976,26.38823151,29.50333361,26.23402666,30.87843977,22.41032326,28.80170679,33.70942815
2011-08-27,28.38807809,29.31164987,29.21513313,24.14563481,27.69511946,28.68434499,28.54261724,22.62828207,28.13608236,28.40735839
2011-09-03,23.41439188,30.47911087,29.37921651,25.35957172,25.71279648,25.62589418,30.52952096,25.08893328,26.9046107,33.27820914
2011-09-10,29.41815291,30.70535173,29.56461956,25.58341396,29.94406377,27.89113283,27.06015268,27.07941673,29.02112851,32.41806897
2011-09-17,30.05282468,28.85547095,24.88104952,29.17214428,27.63157181,22.70804137,29.59105378,25.52453443,26.4635389,34.49793115
2011-09-24,30.15460538,29.52877357,25.54795852,28.99186681,29.71489543,31.09977591,31.56641407,23.37003011,26.11803699,30.61519693
2011-10-01,31.22523067,28.70425042,25.93315571,27.4444402,30.9112741,31.58259986,30.66358991,27.17982416,30.19920318,27.21235268
2011-10-08,29.76312819,28.57809327,25.78307893,25.57590784,29.71875577,28.49684977,29.88873776,27.77669786,29.59971873,26.42084887
2011-10-15,28.02078525,29.28528874,26.48944334,22.4137033,28.02466021,21.14708186,30.96943142,22.48034026,27.97216337,24.37444753
2011-10-22,25.26994563,26.45665464,30.08423132,21.99965139,28.01075966,18.91180739,31.23083002,21.01550587,27.22137973,25.05080671
2011-10-29,29.91205975,28.85278879,26.97137004,23.47262466,29.17520352,29.06726058,31.89663306,26.12235947,25.93796195,34.0868523
2011-11-05,27.69262268,29.43055782,27.38082029,23.01376833,26.58775208,24.25227973,29.58001763,27.02053199,24.42528982,33.3953906
2011-11-12,28.04112692,28.59228566,28.8445161,22.27709621,28.04818559,22.03674553,28.77418663,27.97925026,26.73830232,30.93648284
2011-11-19,28.54992518,26.8393423,28.22735855,19.67068553,28.93790912,26.20397225,27.60225234,25.08812057,30.59392809,29.39968576
2011-11-26,27.99935967,26.66206614,25.95911143,18.04495711,27.61332565,21.28554933,28.45062425,25.89334717,26.66604841,29.50145463
2011-12-03,27.6757986,25.11386472,26.23062717,17.55464936,25.81531087,22.80869459,26.87007643,22.43397312,26.1780603,30.77512685
2011-12-10,27.5720796,26.27254743,31.10786373,15.38739788,25.90546109,21.06125637,26.99348858,19.96503474,28.77033241,25.25207481
2011-12-17,26.31269382,25.09382391,27.81963679,19.60997593,26.45872629,24.71033055,28.9262079,24.39202431,28.25198878,27.55110323
2011-12-24,25.43866634,26.53115143,28.50233742,16.15429474,27.47391785,23.53692126,28.7818877,22.23497133,28.18408308,29.9378829
2011-12-31,26.06827143,26.98230011,29.07645641,20.7364118,25.89916604,25.15585847,26.98656939,22.29074376,28.85354801,31.19197463
2012-01-07,29.12714286,26.39393195,28.51989236,22.52442458,24.41731442,24.55577913,27.78033422,23.42133145,25.94831645,30.51327671
2012-01-14,26.90866638,25.20464991,29.87088398,21.24939474,28.43813718,21.47671947,28.34292186,24.03925179,27.07307423,31.66694873
2012-01-21,28.80803705,25.30846464,30.88933367,18.28070359,26.64510916,24.74069361,30.78107638,22.86847699,25.40978313,32.00150624
2012-01-28,27.8478854,25.06127973,29.87087159,16.80961062,26.63764296,25.19797676,30.89600964,21.05115344,24.66153147,31.85704416
2012-02-04,28.83684946,25.88276189,28.23299329,22.99902062,28.36704578,23.53545631,31.0819504,24.33497584,25.30641768,30.6194284
2012-02-11,26.01178459,27.54145932,23.1090232,23.72062279,28.37523741,27.04457378,32.01700901,25.50661555,28.03899049,31.39114313
2012-02-18,26.5834761,27.03156025,28.14666276,22.93936905,28.06294765,23.54649446,32.51985388,22.49709293,28.4574534,32.35702792
2012-02-25,27.75073015,26.09663242,31.40480165,22.29803136,27.48714951,25.82128615,34.25290807,23.50986648,27.58138623,33.47065898
2012-03-03,25.94345972,26.71162775,32.65842705,21.15191592,28.43822348,28.06566145,34.73305371,24.00258344,23.82034154,32.27043986
2012-03-10,28.43700346,27.80188304,33.28830707,23.97218618,28.9857678,27.45952232,37.28561704,23.66295185,23.94256231,35.09115189
2012-03-17,25.97733862,27.95152014,32.61819921,24.22419505,29.80631863,28.24466807,38.58439515,22.87354673,28.77188577,35.81373599
2012-03-24,29.00741555,27.15429434,29.79442635,23.8459984,29.95517618,25.61256289,37.3780374,23.69700381,29.17342193,32.73558592
2012-03-31,28.53268882,26.50406768,29.79442635,25.31859307,29.2007328,24.74693943,35.90507716,24.40442343,30.75578411,34.36964387
2012-04-07,31.19399524,29.71306653,29.79442635,26.47574038,28.70504384,24.33401466,35.67679809,24.9192875,30.82162662,36.11786799
2012-04-14,25.5354723,28.63171497,29.79442635,19.02921049,28.80495714,23.1177467,35.67679809,22.56650914,30.9884775,35.364402
2012-04-21,25.249536,26.73790652,28.2282964,19.43977659,29.54384009,23.46794374,33.34771493,23.57188136,31.16012357,35.03655842
2012-04-28,27.9599887,27.34531468,26.98420382,24.15412435,26.92430916,25.05470795,32.40557776,25.4131062,30.02995161,38.41450729
2012-05-05,28.58740217,27.26240826,28.83764213,25.0049147,27.82612574,24.62998802,33.89188403,24.49259321,26.12881605,38.005846
2012-05-12,27.24610038,28.77648156,28.02377003,19.99090635,28.55007917,24.16044808,32.56593448,24.7121346,25.60288877,34.75035697
2012-05-19,27.62832953,29.65699599,27.67234176,15.99100367,30.23688071,26.59560903,29.51585899,25.04542957,27.85257278,36.16939243
2012-05-26,26.31050633,27.69407689,26.74492906,22.64195823,31.1585336,26.7571227,28.54199372,24.36418768,28.44813193,36.49474751
2012-06-02,25.97417094,29.82073755,29.91275701,22.0096437,32.32163532,24.56436852,29.97216784,22.26284791,25.74798875,33.91259122
2012-06-09,20.73049961,30.32524732,25.39423378,24.92882903,31.72805912,23.23204584,28.70718866,24.20940959,27.16363497,33.96913668
2012-06-16,24.17123401,29.22243476,25.38407607,25.583907,27.51380965,27.06465524,29.37608145,24.20865793,27.60014682,33.48240497
2012-06-23,20.37891848,29.37716766,26.94079307,22.43935125,27.19937403,29.10945305,28.66635388,23.92158468,27.5655621,33.78070584
2012-06-30,26.79046646,28.85951778,25.55182536,28.02023116,28.892328,29.00020392,25.47476919,20.49529856,22.30120212,30.69038557
2012-07-07,25.28464174,30.34302675,26.23301198,24.38609313,30.90111423,26.96272558,29.8938404,21.10806143,29.62192432,34.44558814
2012-07-14,26.18538124,28.47758024,26.34597061,27.71388613,30.1518303,30.19686726,27.88809885,22.32969106,25.05668663,33.99684821
2012-07-21,26.2690696,28.6262653,27.56349496,28.44953669,28.48738341,25.63833359,28.96834301,21.9990144,28.9174422,33.4750567
2012-07-28,25.80983752,29.50724451,27.9487203,24.69178869,28.43039508,28.70569255,28.0274916,23.68176199,26.66994396,35.92191338
2012-08-04,26.65107708,28.3321728,26.65096464,24.22859735,27.68927111,31.1134829,28.53585527,24.94355514,25.80136379,36.6205841
2012-08-11,29.16417888,30.28378899,23.78690248,23.36083803,28.74238437,31.0886226,30.18429743,23.40285343,27.72952553,36.48554715
2012-08-18,28.51257605,31.00385773,26.47042295,25.4106036,30.75768274,32.24230635,29.03568495,20.15301312,27.63734775,31.21548615
2012-08-25,29.91857413,30.4922262,28.71264894,31.82427699,28.11391038,30.47973405,29.59918747,23.98687726,24.12809438,33.34440788
2012-09-01,24.67073466,30.96826594,28.21978625,29.90551221,30.64161919,27.67593164,28.79984454,22.44687092,23.94419348,33.89551838
2012-09-08,25.54749922,33.87258781,31.83681374,33.37012559,31.56808839,30.1861603,30.44218053,27.09862898,30.41950514,35.31205803
2012-09-15,31.1227694,30.78892983,31.65351166,32.70461984,30.32766148,31.78119922,31.24498057,26.75898016,28.63399336,34.99978523
2012-09-22,30.59632769,34.31189114,30.18674035,29.71873801,29.13582252,35.16348626,30.45028801,29.81937593,29.47621376,36.08199175
2012-09-29,32.4562304,30.88869043,27.12285714,33.11784842,30.28350595,35.88193523,29.36652426,25.88140045,27.50944689,35.18902547
2012-10-06,33.0874498,30.16443379,28.76058737,23.89169753,31.94341151,32.12445998,29.59270919,24.88639758,26.84299353,33.78827424
2012-10-13,33.50731681,31.01225337,30.54505063,24.31139997,29.07473027,28.49752633,30.23748706,26.13253854,27.39666109,34.67040445
2012-10-20,31.31776118,27.33977005,25.34034053,18.14803634,29.01195082,25.50195669,29.59369831,29.24029138,29.21162579,31.38219349
2012-10-27,29.15407786,28.98570662,29.85627291,25.67830093,26.32461959,26.29031401,31.17193285,25.58547679,28.54609923,29.31338119
2012-11-03,27.51554814,26.58017364,29.09239633,22.72503566,25.40539886,28.34820516,29.83569523,21.65149835,29.94011402,31.72225473
2012-11-10,29.67893991,28.40121774,27.12139683,23.89644143,28.50666815,27.40716114,28.80347049,23.83501172,28.20742247,29.09907781
2012-11-17,30.35643631,26.50791505,27.31315271,15.42290107,29.06261272,24.10764163,30.47670133,26.22822234,28.32546738,31.97757469
2012-11-24,29.82858573,28.68577368,27.90986673,19.66750492,27.68331822,25.67333001,29.04362721,25.82188224,28.26719551,32.80645709
2012-12-01,29.2291307,25.80098487,27.20608219,25.46384109,26.81714362,21.06135844,30.15506958,23.30203911,24.99302025,31.98894609
2012-12-08,30.62354725,27.50070325,28.29220847,23.89308967,25.79980507,20.90213268,29.63022647,21.59211059,23.01864609,32.06058639
2012-12-15,27.75015946,25.37330452,28.83829005,21.44703695,23.44593212,25.37814646,29.49050504,21.92872503,27.1186456,34.57210966
2012-12-22,29.83667093,27.29471612,28.48866071,23.5658584,27.12697895,25.43359045,30.39263733,20.77616985,27.45559336,33.71887418
2012-12-29,29.02805875,26.64607437,28.83685889,24.38260294,27.72432184,26.19548387,29.10989691,24.43983782,27.71565144,31.89900274
2013-01-05,28.80242847,27.41367485,29.28993428,25.10924566,30.14650216,27.18606488,30.56828394,22.71572242,28.35185926,34.47288487
2013-01-12,28.26922434,29.10286662,30.2205697,25.23437891,32.90125284,27.88826315,33.18402628,24.78402524,29.01912522,35.43240148
2013-01-19,24.03805302,25.98403249,30.56308167,22.89926416,27.52797519,22.81759054,31.97137905,21.10863934,26.539096,33.46268803
2013-01-26,28.4146626,26.33160519,30.85402434,17.74286797,28.00439394,25.75333738,34.59292352,23.461331,25.94220791,32.44208477
2013-02-02,27.46432066,28.66082043,32.11524467,23.97347624,29.67832359,25.88027375,33.39935469,20.16071744,23.1031622,34.2040686
2013-02-09,27.71890647,27.78730645,31.17776781,22.90508489,25.18439218,25.3335988,33.05632076,24.85646382,26.14307837,34.27101949
2013-02-16,28.94907012,29.22839643,34.68361252,26.37508995,27.93217522,23.99479661,33.18784923,23.6546272,26.8880672,35.49395851
2013-02-23,30.20260424,25.79259688,34.99210637,26.59675722,28.28831381,24.62142345,35.98149988,25.30122433,28.27900954,36.17996162
2013-03-02,29.10595457,28.85801402,32.15701356,25.49627977,30.27589776,27.12717314,34.56624741,24.23455597,28.3185727,34.59485571
2013-03-09,28.27952526,29.95501368,30.35605984,25.72973665,26.73964206,25.12965105,35.77316348,25.95912247,28.32548147,37.29939543
2013-03-16,29.90179838,30.91097887,31.36825975,19.27433606,28.78788894,26.84466129,36.33975514,27.82982338,31.24950412,33.30760763
2013-03-23,29.72237218,31.56384484,29.62397647,24.23384944,27.44552299,26.71007312,37.52741017,23.6970089,24.54424256,27.97863423
2013-03-30,30.4594751,31.10963134,29.30455682,25.78286219,29.54161541,27.95938218,37.52741017,29.3331383,29.33949621,32.54131484
2013-04-06,30.95992222,31.48016889,30.42824742,28.57796478,29.0543231,28.02301224,37.23599827,24.83763512,26.59573739,35.98422183
2013-04-13,29.78902254,32.30895892,30.77991331,23.77536957,29.87470209,27.88487671,36.07061545,26.67964623,28.25281199,38.34763159
2013-04-20,25.19227776,28.09734465,31.50787941,27.98690721,32.30243241,29.78680182,36.07061545,26.14143568,29.15148042,38.06261986
2013-04-27,28.15346493,27.56919414,30.52771554,26.01379439,31.85653548,26.10424125,36.40117186,24.75064065,29.12899096,33.59584913
2013-05-04,21.45871813,28.3018991,28.59005355,24.55478311,30.95751936,27.30811972,36.86967904,23.9018291,29.14425394,37.46080126
2013-05-11,26.06933959,28.06447107,27.80337575,24.78792167,28.36959114,27.85560853,33.01967335,25.58688564,28.30773243,33.07693659
2013-05-18,25.87804885,26.81694597,29.89958797,23.71907539,30.1672453,24.69423144,29.72408462,26.66765865,27.1765527,36.91224067
2013-05-25,24.13123715,28.56731998,29.82298646,23.39654173,26.13013098,23.36993871,28.4492864,26.00158238,26.57976169,36.18405129
2013-06-01,25.33541384,26.19136853,28.21367428,25.07266194,25.43493606,23.50451305,30.76462086,23.51243706,26.41436693,38.64583994
2013-06-08,26.62040705,27.10359889,24.70272977,24.39788154,27.00841698,26.43529136,30.65517089,20.88836587,27.33252975,34.46325221
2013-06-15,25.9743785,28.88914301,25.39165486,24.83442521,30.98001412,28.10850626,30.01299158,22.57108658,28.15665554,32.40119351
2013-06-22,27.78120078,29.21422763,27.78815417,24.28505528,29.77588719,24.97295633,29.95228,21.51288541,27.37523747,34.39325026
2013-06-29,22.98928274,30.42349372,27.94880743,19.51799971,27.90584842,23.85480052,31.18159602,23.78828033,27.03082453,33.36797799
2013-07-06,28.67269152,30.65632825,26.15182199,24.76438362,29.79870942,21.64371564,29.73086107,22.88589952,25.08392069,32.9160973
2013-07-13,24.11871518,30.32255088,26.28930064,23.91209588,29.98807461,25.85654005,28.3322541,23.79666565,26.47166023,31.28028421
2013-07-20,30.22492726,30.61403048,26.39080401,26.10073473,30.04033125,25.30945018,29.13947714,24.19725979,25.41713918,36.32083291
2013-07-27,25.52072629,29.13525834,27.4847123,23.94854456,31.01099974,28.69119794,28.93303824,24.76842249,29.61726662,33.23705172
2013-08-03,22.93661736,29.85477563,25.87892597,26.59914762,29.57851533,26.66786564,29.4553171,22.38183317,27.16283114,34.72792937
2013-08-10,28.13976668,29.41496038,23.39229383,28.48541694,31.50907677,30.47383601,27.95383889,23.60480843,26.89501922,26.10074328
2013-08-17,26.74218113,30.11584445,23.0032917,26.9468069,29.98821496,26.79652867,31.31940736,24.23498557,28.33393318,31.47965669
2013-08-24,29.37035079,31.36048713,27.62539153,31.36452374,29.44771731,21.98763901,30.62950321,25.20704132,28.28605831,32.73699332
2013-08-31,28.2892898,29.74180235,28.9152361,29.78758168,27.24779917,28.52031206,28.46639408,25.78884161,26.63293119,31.4884893
2013-09-07,30.50637336,27.7408031,27.90976185,20.87915922,27.59170402,27.93782468,29.85276427,27.00041822,29.25339794,32.14199396
2013-09-14,29.48557704,32.65192618,28.48782102,28.77803028,31.92297972,29.8088342,28.83617822,23.87905568,26.35646896,33.57029512
2013-09-21,29.28663662,35.27807608,28.24925259,27.4605955,35.60472112,25.62611048,27.01714357,25.79139124,29.37801262,31.62314247
2013-09-28,29.48529684,33.10842857,28.71438082,28.2804234,33.68188288,33.57506302,29.48359358,23.4648937,30.96228044,29.6003235
2013-10-05,29.17853096,30.83599713,29.85428536,23.92357693,31.44300819,32.91007707,31.08922842,26.19601305,31.03054616,33.25166918
2013-10-12,26.91389384,32.72332751,26.32859577,30.44208771,30.68856796,33.54353669,31.01975751,25.58958406,27.71186812,32.00656847
2013-10-19,28.20210331,30.89926321,25.22558479,24.07781775,30.72726548,32.99393393,31.80380822,20.14620597,29.44154517,32.94841674
2013-10-26,29.26231459,29.66018656,29.24927689,23.83395361,30.6945534,30.35762831,31.65727197,22.09846884,29.65091841,32.2037959
2013-11-02,29.50294267,28.88226886,30.19927504,25.53283529,27.45682699,23.45493992,31.06481061,24.21017496,26.56131477,30.22783301
2013-11-09,29.27831264,28.25420529,28.93665503,22.98150236,28.92295258,19.78474655,30.35722629,23.83101804,24.56448948,29.66934084
2013-11-16,30.17940315,27.77672014,26.83086404,24.63522785,28.36688978,26.6468145,29.60248821,24.11854829,26.15839201,30.2401414
2013-11-23,32.29161821,27.03837715,25.44875868,25.19983295,26.0091847,22.36874459,28.74917244,25.50882645,25.62586679,32.30356774
2013-11-30,31.1041052,26.12793868,28.14885835,20.67660218,27.88214513,22.12321311,28.21194163,25.31299888,26.32114889,28.81046203
2013-12-07,28.98552746,25.97125401,28.59709382,22.25070195,27.55137124,23.56002666,28.7082028,23.87546985,27.71846933,32.17580994
2013-12-14,26.6831662,27.34474293,28.61132163,23.23433882,29.36816751,24.56280103,30.90321169,23.75569722,28.83770059,31.96186213
2013-12-21,26.49578099,26.76390035,28.2025271,18.12632631,27.66838839,25.06724508,29.56997691,24.47665213,26.11475742,30.56235081
2013-12-28,26.67648065,26.89907849,28.65173765,13.90921386,29.28023567,20.14084914,31.6003425,19.41540517,25.31341278,33.67277234
2014-01-04,25.2547585,27.88658708,29.42526319,21.98611687,29.85232072,25.26706255,30.59343481,23.29435702,26.94587984,33.85821451
2014-01-11,25.05502901,27.35625117,30.17995472,14.83369135,29.67564193,24.3278973,31.83475324,21.16673967,26.02745865,34.46938549
2014-01-18,25.40260693,28.48614263,28.90299337,23.82005364,28.72695435,23.92121491,31.85702658,23.71798231,26.61485129,34.45508314
2014-01-25,27.07308842,28.2681618,30.64519369,23.65988728,28.20794422,23.54805677,32.75107366,22.67931579,27.37740256,33.53438458
2014-02-01,26.46157552,27.95716579,32.77587436,19.41134105,28.27634399,25.08186506,32.7140654,22.0312122,27.8423033,34.34658671
2014-02-08,27.65408695,29.45946334,26.65491299,22.42527946,27.86347063,25.13152657,33.57125015,21.44409209,21.79417619,33.2570824
2014-02-15,29.97322768,29.24609763,33.18123757,20.22322047,29.75231123,27.4193561,35.63604738,24.34586524,24.0494523,33.57297291
2014-02-22,28.04453625,27.39568557,34.03473873,22.15741151,28.48478121,27.29569851,35.44716325,22.77031756,24.86249039,35.51785658
2014-03-01,31.05685661,26.23758615,32.3433989,23.55881816,27.79633372,27.45565102,36.35837842,24.49893966,27.34882099,30.11377308
2014-03-08,31.38527354,28.54771875,31.57223166,22.53955091,27.5913414,27.9200614,37.76365928,21.43500022,23.98204299,36.5904015
2014-03-15,31.38527354,28.07708982,30.15021936,22.09988221,28.38326955,27.5980705,38.62490497,21.0359814,23.89873969,34.93216275
2014-03-22,29.68527439,29.07979779,27.47954162,22.15375775,29.28504081,26.76739721,37.44090625,25.05361947,24.92884104,34.53642942
2014-03-29,26.08730339,30.1770497,27.5771869,20.55460632,27.97149925,26.30566071,39.89973563,25.31114358,27.23880316,35.04450266
2014-04-05,25.57904932,26.81332868,28.7410235,24.4421564,30.23285378,26.3241891,37.00852851,24.93499935,27.46113547,36.21757286
2014-04-12,27.3033056,30.31900147,28.36290836,26.67924045,30.33570011,29.75892172,38.4122753,25.3472816,29.77967753,34.54403834
2014-04-19,27.02230188,29.26047712,30.73332991,23.73898862,25.47331316,25.21072813,36.71948418,24.45609454,26.80185532,37.48057539
2014-04-26,28.06311134,28.48130719,30.3513064,18.45868157,27.62406233,28.38500804,36.71948418,24.39366101,26.33876673,38.61485728
2014-05-03,22.88112663,30.36628629,25.49135929,17.60608681,31.34746062,25.45370936,32.97197956,23.70268953,25.43195426,37.63850322
2014-05-10,29.34638337,29.43671519,28.15626958,18.3769239,28.75039225,23.25646901,32.594193,22.91973927,22.94197847,35.20705563
2014-05-17,27.07400115,28.55560735,28.74017166,15.17499954,28.9582929,25.96492921,31.38265192,24.79510655,26.72728877,34.74123147
2014-05-24,27.48691878,29.12642572,28.46897703,21.01798006,29.90886202,24.32014721,32.07507179,26.08423644,28.61586537,35.88586121
2014-05-31,27.74180752,28.02342412,27.07394864,26.75773893,32.27410005,28.69679184,31.88623105,25.37929706,28.55321392,38.55503058
2014-06-07,28.00239162,29.85501013,26.8284549,26.58111307,31.1324132,24.37454682,30.73289467,23.89628621,28.7698889,38.32883883
2014-06-14,26.04340442,29.32506038,21.69413866,20.43622985,28.85735998,25.90171574,30.89670767,27.1850571,30.08050262,36.31421858
2014-06-21,24.62489921,29.85885545,20.66259036,25.38689441,30.74233423,24.26608055,29.51772714,23.11750046,26.28380797,38.39495484
2014-06-28,22.30625054,31.33009449,22.1484755,25.54069481,29.78305065,22.58470122,27.54159092,23.62398963,27.30209344,40.20776135
2014-07-05,26.39678962,31.34136843,26.4207311,21.5001419,31.43803854,23.69900224,29.78679404,23.82398197,26.00201063,39.85472182
2014-07-12,26.49500593,29.65144229,28.18336583,27.04832136,31.15280204,27.40186021,31.08372983,25.98961258,28.6366562,38.44799056
2014-07-19,22.60076499,30.36630857,28.35731603,24.4230554,31.0577559,26.83489978,32.39987752,25.28696337,29.00798523,35.68373246
2014-07-26,28.18089504,31.03112094,27.92468337,25.19305313,32.22005129,27.12310617,32.07709115,23.68197707,28.15321978,36.82467057
2014-08-02,25.22866292,30.00234883,28.87511096,29.48390962,29.41592091,31.2741565,30.12960613,22.48550903,27.97709781,37.73176021
2014-08-09,29.25922281,31.34082069,27.85171913,31.10528696,29.70900902,33.71624004,31.30380607,20.95835225,26.5740795,40.29145734
2014-08-16,26.87561767,31.72794816,29.06637147,22.24553108,29.93809682,28.60445336,30.89385086,22.96585019,25.28499165,40.0115362
2014-08-23,29.67555852,33.54580332,29.25835871,25.14351929,30.06155179,21.98232413,29.26348535,25.89888534,30.02488776,38.68040032
2014-08-30,29.80049147,33.22962352,30.87462893,23.87209479,32.40303873,35.20446541,27.88992708,24.111564,26.73851749,38.87840845
2014-09-06,24.30811681,31.51979885,29.10223655,21.77987928,31.15661064,30.77793172,28.02549708,24.10091451,27.50475289,34.50193408
2014-09-13,29.91433493,30.16286109,29.41043599,25.20626708,33.67509598,29.20380895,27.57062239,25.35231119,30.16166862,28.22766667
2014-09-20,31.08182811,33.2363923,28.99923529,27.70504902,29.56362107,25.09746978,27.62173284,25.33107827,26.20999535,29.51846463
2014-09-27,29.52860239,31.48905411,28.83990772,29.28357874,30.31573756,30.5899146,29.38147027,27.05385517,27.8704174,30.84768097
2014-10-04,30.74741566,30.36660317,31.7545325,27.7462037,31.6858857,32.50241158,31.63199494,26.29255469,30.84409716,34.84066962
2014-10-11,31.6976357,29.25700782,27.78020913,27.19489528,27.35292932,31.77872283,28.13084227,28.70768622,29.52391835,37.58777662
2014-10-18,31.66203089,29.0210584,27.68830304,30.0440975,27.49462932,32.28131074,30.76963688,25.0981466,27.7060187,35.44528288
2014-10-25,31.77114687,27.21960863,26.84131923,26.66561062,25.70263958,32.25034461,29.1649007,25.97761504,28.61476917,33.00812702
2014-11-01,32.47436018,28.15846024,28.15965255,20.02504212,27.98488281,23.92210061,29.41898597,26.56026232,29.83009508,31.46601376
2014-11-08,29.96944157,26.63222168,29.97391032,16.37105352,25.28842149,22.52975095,29.40134797,23.38105691,29.84341001,33.78194332
2014-11-15,21.40506032,25.49354977,28.62458842,17.34611926,27.09525895,23.52930319,29.52011872,23.94274066,21.6692613,31.44967361
2014-11-22,25.06502886,25.90887511,28.66052398,21.09598081,27.71801906,27.13257448,28.08648917,23.51821728,23.94651079,28.52176207
2014-11-29,28.79534358,27.33575106,26.50727048,21.63072297,28.17881334,22.53379038,30.503159,21.53827573,22.43568802,32.25268044
2014-12-06,25.53499387,27.8067414,29.60511354,27.20322583,27.63240048,24.67528293,29.55426672,23.75546342,26.4165512,31.38365206
2014-12-13,24.22293059,25.56990975,29.34888707,25.7752188,28.29308114,23.25007683,31.23768606,25.58077362,27.88103344,31.2987344
2014-12-20,27.64071719,27.4225852,26.49729333,20.83336359,29.09850025,21.16511241,29.53138072,24.45848753,27.09638764,33.39135661
2014-12-27,25.37067953,28.23497452,26.23854969,22.15761237,30.29361032,25.64709368,30.45514685,23.3966473,27.0424285,33.80082588
2015-01-03,24.85236582,28.92849415,28.31038177,22.13185768,30.28591983,27.34322821,33.02743341,22.66402189,29.43897215,34.48488076
2015-01-10,25.87092343,29.23260937,31.71038271,23.21631339,31.12024456,28.40701841,32.99768188,24.01829306,27.38574719,33.82592064
2015-01-17,26.6816203,27.93526555,27.79849114,23.18798263,28.9517945,27.76886068,30.3860879,16.11190558,22.99454852,34.41698501
2015-01-24,27.99934939,26.42879282,27.15079988,17.01760999,28.05078151,25.83238281,30.26022927,22.04962019,20.22332799,33.52352556
2015-01-31,24.16050534,29.62361117,29.46215332,23.29738813,28.06542179,23.6435269,33.07130758,23.29875089,22.43445296,33.49634782
2015-02-07,21.7407651,29.32605128,29.4951873,22.32523326,25.64745487,22.80491253,34.51011909,14.78318132,15.63254405,31.77478859
2015-02-14,24.22569452,27.50083166,28.24962538,16.9848434,20.99968017,22.98138565,33.52618132,15.82990187,16.18951663,29.56555038
2015-02-21,21.29278851,28.95446059,30.46866731,23.61138811,28.11095825,25.68600194,34.60451415,24.40119948,25.1759653,32.84583137
2015-02-28,29.22358938,27.21679755,29.29511494,23.02210056,30.1600501,26.58139157,36.94298954,24.28545759,31.77749366,32.66003492
2015-03-07,29.21313502,27.38971895,33.52442764,22.80880669,29.61848867,24.1863614,37.68663564,24.59339639,25.97384775,35.3431671
2015-03-14,28.72517907,28.99860159,32.43272897,29.42362098,30.70385511,30.89186099,39.05777198,26.42966316,29.57037943,34.54358195
2015-03-21,29.74152655,27.48390856,23.69915976,20.54418074,27.56331385,25.23604509,39.81757829,27.08316842,27.16663466,35.09525104
2015-03-28,29.70892711,26.62116999,25.94843979,19.30303983,27.41721659,22.73733186,35.9292497,25.9202453,29.89889616,36.152698
2015-04-04,29.08404515,26.59407579,29.77309028,19.98266653,28.59066755,28.91578428,37.1400339,22.78190487,28.49746309,34.95553271
2015-04-11,28.62222533,27.8144847,29.19517174,23.11762808,26.02195679,30.66424393,38.18382033,23.61113149,29.43326426,37.7151162
2015-04-18,29.19852658,27.50646207,28.88653895,17.84067496,29.11312635,29.25440142,38.0290121,27.46563774,29.83495036,36.84416313
2015-04-25,31.44164301,28.15320487,27.6060866,25.95343046,28.62397938,27.75335132,35.75866195,25.18290199,31.37447385,38.2534201
2015-05-02,27.93524234,31.51723837,28.03718565,24.62074016,30.08830764,26.01294622,36.05959345,27.36663318,30.72264239,35.89529826
2015-05-09,27.29290358,29.6131947,30.29163754,23.1095384,29.9109263,27.95805801,30.60626397,26.07994591,30.14384431,37.93695952
2015-05-16,24.9038633,29.94642387,28.10193823,23.11309355,29.17304113,25.80520209,28.62521093,23.33274836,30.71390835,39.58768723
2015-05-23,28.83279257,29.69240526,19.51725265,26.2891275,29.97988102,31.70042421,28.62521093,23.44321179,30.56606935,39.00916061
2015-05-30,27.69528416,27.69228889,25.91383027,22.90092751,29.90838492,29.30849176,28.93086654,17.18940137,28.92048149,39.63608328
2015-06-06,23.65417853,30.2095208,24.53334618,28.58237693,27.73362723,28.49506883,31.32823186,26.73274434,24.86239783,39.92383991
2015-06-13,24.13746054,31.96047535,24.53334618,28.98327028,29.81255967,29.15295423,32.24176747,25.06869396,24.18431479,37.76076022
2015-06-20,22.37897038,32.66780814,23.49654227,27.19137467,31.21093176,28.07700249,33.26635206,22.15297602,28.49509817,37.83169592
2015-06-27,25.54287068,29.82419696,27.36916337,24.41894473,30.47518548,26.81993887,34.4477958,25.79778263,28.25865436,37.16641925
2015-07-04,28.33851359,30.29631287,28.63629057,24.83279664,30.38709601,28.95308332,35.08826103,27.49819228,31.50806537,34.56282665
2015-07-11,29.22075482,31.92038551,29.72404686,28.10775508,30.72709712,28.43156799,31.7912218,26.05132587,28.21994661,33.85802924
2015-07-18,28.9332637,28.78659519,24.91903465,30.17480779,30.27597507,26.62314811,31.27380962,21.58922402,28.08278953,31.09464412
2015-07-25,24.88423429,25.39780592,26.85644116,28.59872568,27.46600569,30.82024457,30.66280008,25.17316087,27.25446067,35.62229595
2015-08-01,23.15482207,29.73642926,28.47936216,28.72885975,33.00933534,31.40844692,30.63655942,26.60439192,28.46992432,36.50410868
2015-08-08,30.30193327,33.38463839,28.58508432,31.75930275,31.06200261,32.00936508,31.93675583,26.0192248,32.41314585,34.45974489
2015-08-15,33.53293679,31.91120113,29.07606941,31.57813532,31.82580564,30.51227097,32.57685451,20.95748774,31.54293694,34.46968148
2015-08-22,30.7771315,31.35232773,28.9968215,33.15832321,32.55304229,32.6700903,31.3726117,23.97368069,29.86896645,38.03958607
2015-08-29,29.59834537,32.24278048,29.10479104,29.63595086,30.51555095,29.95225292,30.47444514,23.7980467,24.7937706,36.59625669
2015-09-05,32.73917325,30.62424498,31.05560264,28.70755581,30.9362285,29.74003358,29.72252149,25.40913893,29.39442938,38.16306804
2015-09-12,30.12779122,30.42787525,30.56153835,32.32364284,33.50401095,30.68140943,30.38738325,25.74928383,28.91036106,40.34929004
2015-09-19,31.5637146,33.37406957,31.27835131,25.77872173,31.85680994,33.81452345,32.00389637,26.22594591,30.4541855,37.87922395
2015-09-26,30.12243853,35.01273594,29.96590024,26.56481497,31.0025859,36.51083671,33.4223223,24.12074631,22.0614118,34.13142127
2015-10-03,32.68520143,33.98481164,30.20291135,29.18389589,35.19114021,28.43810355,29.25027896,26.30462053,28.18994347,34.71662436
2015-10-10,32.43796386,31.18991634,29.72044105,30.5676555,33.54266922,30.57129736,29.63480939,21.6702081,28.81825123,39.05101324
2015-10-17,32.43796386,29.61206507,30.5955773,29.83244201,30.95539582,29.85433044,30.05802487,21.6702081,28.81825123,37.71951442
2015-10-24,30.25715882,34.99092261,32.49182396,28.63817071,34.38128991,30.97993692,29.55586277,26.33595799,29.40061394,32.4472404
2015-10-31,30.3481511,31.2716708,30.80562778,27.80453351,30.38033002,31.63782549,30.27327275,27.88450266,27.32249867,33.75241707
2015-11-07,25.9630469,28.78756866,28.12381248,25.15952549,28.60638157,26.96474263,31.69123704,26.45110911,25.94644338,28.72419884
2015-11-14,28.44446521,29.8818197,27.93478806,23.55762355,31.3698451,32.49059863,30.71329353,25.36129873,28.05570021,32.91408097
2015-11-21,25.4965723,29.01993187,29.60631746,25.3461068,28.07964716,26.21069337,27.89608448,23.03344618,29.67210896,29.24522224
2015-11-28,27.89119294,27.5332007,29.13268036,22.48053464,27.72042933,24.23085765,30.03602958,25.98782801,25.03808537,33.11696767
2015-12-05,29.1538153,28.25108969,28.81170708,22.3226986,31.76181327,29.03798862,27.36794807,24.77324837,27.63931263,34.16505027
2015-12-12,28.55402507,29.23276473,26.32270997,25.56259304,27.92645149,31.30953288,29.94433157,25.79717103,29.66578811,33.0833472
2015-12-19,30.76669889,29.90663565,29.22712512,18.13100795,32.33397691,29.69297865,30.46603955,22.93031175,29.33068288,31.95260288
2015-12-26,23.87478616,29.82582042,29.28692149,23.94015984,32.88382401,30.56745151,31.7099912,23.01638111,29.03687593,34.20763528
2016-01-02,26.6409312,28.64301085,29.49559067,25.29067993,32.37777239,30.30007449,30.80779219,22.25568366,28.41078668,33.54235148
2016-01-09,23.8407607,27.0160154,29.90631377,21.78006094,29.0398981,27.47078427,30.70316427,22.74511467,25.62406565,33.14864244
2016-01-16,24.55238536,29.00667205,27.48600407,20.8703091,29.51389604,24.46970769,31.86080828,24.93485284,25.74922361,35.15291826
2016-01-23,22.45263494,29.65167779,30.92239025,23.72720409,31.41386669,24.13210415,32.85598934,25.69404793,28.72220986,34.4641431
2016-01-30,28.26075304,31.11359231,32.15741597,24.46123369,29.37477743,28.56592111,33.25979511,24.78625243,28.88309613,33.55446935
2016-02-06,26.8908792,29.90864063,31.07442428,21.36069978,29.33528268,26.84073809,33.50013779,23.04197012,28.38428007,35.45154355
2016-02-13,30.51487859,30.32110952,29.84767084,26.709057,29.70328403,28.13121421,35.85600981,22.06088527,25.77415343,33.41442763
2016-02-20,27.44885738,31.30248121,13.96397727,16.60596774,30.0616152,28.7700602,34.11362483,25.83555442,30.61694077,37.1155172
2016-02-27,24.00750343,30.34800372,15.12248756,18.52163233,30.10328844,26.08168504,31.79615073,25.37564048,29.74822654,35.51038076
2016-03-05,20.56614947,29.39352623,16.28099785,20.43729692,30.14496169,23.39330987,29.47867662,24.91572654,28.87951232,33.90524432
2016-03-12,22.9229735,28.41229936,33.24169538,19.04864913,30.37510956,22.48381488,35.10881302,26.33893466,28.82656299,36.94180069
2016-03-19,25.87184253,30.79976148,31.52120204,19.25724683,27.41680356,28.71502995,36.09240433,24.84532371,26.22078319,37.73048971
2016-03-26,24.74082878,32.8683729,30.14785508,20.99442046,29.97431214,28.42949963,37.06278767,25.12893037,29.36133946,36.9453047
2016-04-02,29.47613402,31.17614903,32.38288222,23.95897063,29.25371659,21.39071588,35.83941323,25.04791345,28.91957235,35.39700488
2016-04-09,29.22172694,27.354496,29.83498303,24.3724377,29.6647321,25.3130548,36.67645391,24.87285544,27.13058468,37.83489473
2016-04-16,28.24802339,27.75867062,22.98812608,23.92457832,31.4535954,30.09983905,33.23783796,25.42999088,30.10650886,36.34168869
2016-04-23,24.73995401,28.99340765,28.70620837,21.8626318,28.50725259,26.07605218,35.43118611,27.19722439,30.87039013,36.81019354
2016-04-30,26.99176262,28.56441922,27.69189664,19.59935873,26.4398123,25.90461908,31.79633743,19.94879628,27.28121122,36.7858701
2016-05-07,24.49363023,27.13511096,26.42030985,26.12168657,26.88891238,24.86609344,29.87740741,23.20952988,26.89481654,36.22154302
2016-05-14,24.47801832,28.785415,25.3218342,18.795538,29.08177009,25.16750307,30.06213611,24.70723162,27.74620857,35.95728456
2016-05-21,18.52258936,29.70442282,27.75970152,22.66594276,29.53083295,24.68031567,32.17027404,27.79047832,28.8163122,38.12156847
2016-05-28,19.69281941,27.93949914,27.35376695,23.52752124,29.4137937,26.65159363,31.02280032,24.71309142,27.39991387,33.06195995
2016-06-04,18.62877775,28.37879245,27.12723923,22.1141808,28.96588185,23.17509583,29.13956981,24.73490637,27.44651638,35.68146159
2016-06-11,26.3077076,30.66120666,25.87969697,23.32281069,28.63891489,23.60067689,28.87626691,20.08449484,30.50421973,32.11150815
2016-06-18,22.86545628,31.24920854,20.78011106,22.57490067,28.56662275,25.07047035,30.14756771,24.5762754,27.41202312,33.95359798
2016-06-25,24.81339967,28.50571007,22.37681475,24.68382223,23.49700644,27.45918016,27.80301844,22.09770438,25.07876364,36.32285758
2016-07-02,25.67630334,31.65849598,26.34554092,26.7282874,29.14325367,21.99952333,29.00117781,17.07258115,30.07453636,36.98171092
2016-07-09,29.18374944,28.82955794,25.96789343,27.28375548,32.20107776,26.42221584,30.42550455,22.09048148,30.74093783,34.09111759
2016-07-16,27.85128353,28.88435952,25.09661587,19.19515353,27.23031609,26.51003743,29.56796015,23.34069813,28.43712274,33.78814822
2016-07-23,30.0411567,27.03387306,24.8240207,20.8864989,27.57560487,27.82791792,28.74622681,20.04372006,25.55210964,32.92167789
2016-07-30,26.90467219,25.17118875,24.89358739,20.14897959,22.88008957,25.39218631,25.3549332,23.84125794,26.74444617,35.45070816
2016-08-06,28.49793771,28.32847536,25.95979282,24.56316677,28.42599098,29.96286454,27.01306856,25.18134239,29.14036911,37.2059464
2016-08-13,23.43401481,29.78512639,30.54796371,27.438096,26.33273934,29.41187888,29.63812674,24.49373445,25.45541156,33.92446559
2016-08-20,29.48909236,27.03342848,28.48759886,21.64160728,28.38665972,33.08372145,29.70337484,22.13804209,26.69374858,35.51437278
2016-08-27,26.11120351,29.88732963,27.58608177,27.63268006,27.90964543,28.57894948,29.68687825,25.19437665,28.49252335,32.82916317
2016-09-03,29.02799474,30.22937434,29.9103713,21.87280931,26.985575,33.85477111,28.43697321,23.20874758,26.36522139,23.0959987
2016-09-10,25.45034455,28.52022454,29.00471188,25.79076663,32.02866753,29.39047492,26.84035819,21.78976212,25.57191239,30.69740174
2016-09-17,25.2426036,31.69464351,28.69521453,26.32963163,31.19679372,24.16698423,30.06603212,23.73884195,25.09664558,33.51240987
2016-09-24,28.98617294,31.64817742,28.71520763,25.98366732,31.53579599,25.28318427,29.31605321,27.59762623,31.87937596,32.4065075
2016-10-01,26.96046184,31.6503161,28.76589479,24.57569325,32.23944589,31.56430903,27.83007132,25.89132729,26.73244966,30.72398143
2016-10-08,30.39288897,33.19543422,28.8248569,25.44999568,31.26373462,29.83847474,29.8215281,25.77487223,28.7002329,27.82438456
2016-10-15,29.89020786,27.63565612,27.9058008,21.96650022,32.10718543,30.88890231,28.38666005,25.13045199,29.96070816,29.8452008
2016-10-22,28.27753324,30.49331265,28.50429647,20.18042493,32.0940894,28.72732522,28.24074229,23.06334304,29.97766396,29.90209951
2016-10-29,27.13566932,30.99454473,27.57736588,18.83140493,27.86477761,27.83589807,28.59909039,26.15052022,26.85544987,27.87573505
2016-11-05,22.32883633,27.26842295,27.58440809,18.4181543,29.45919262,24.20863662,27.43415906,21.90749608,26.50134932,27.97811176
2016-11-12,26.50593703,24.67692506,25.70230002,18.98737599,27.72477172,21.9411814,27.6837885,25.21142107,25.46000853,27.31098037
2016-11-19,19.23715283,25.4341405,27.44780655,21.20296671,26.17854644,26.10450532,28.18802284,23.00356976,26.51545485,27.0851193
2016-11-26,24.06320428,26.4553003,28.10677107,17.26211114,26.79746995,23.16770023,29.17947197,21.72047964,24.50763236,26.09912424
2016-12-03,25.2988635,24.46738555,28.07028316,22.98815886,27.56163079,25.20316176,27.06024413,23.93509261,27.72457511,25.66992223
2016-12-10,26.27058261,24.65227508,27.6649656,20.24533815,29.44629085,23.63387301,28.1611524,21.40670441,26.18131849,28.79515325
2016-12-17,26.93844585,27.66266811,29.83619336,19.44545775,28.45378526,23.86139955,28.10349244,19.81793098,26.25141901,29.94526981
2016-12-24,25.4422726,26.30436455,28.42189849,18.55370577,28.18061577,20.75629272,29.65988932,24.74223793,27.20161765,31.94626937
2016-12-31,23.62880207,25.36097818,29.09220864,17.06658597,26.67537264,22.37260441,28.63623395,19.67727168,25.38738681,28.6211435
2017-01-07,21.48186549,26.75162805,27.46554122,20.67961343,30.17699222,23.1922341,28.76177281,22.24265916,24.87312025,31.03179725
2017-01-14,24.58084759,24.71848104,26.97423493,20.03014224,26.43309391,24.1734671,30.19229141,22.260046,26.11409786,30.36245898
2017-01-21,24.66383998,24.93762424,24.8355922,20.31494803,29.40436675,19.37736046,30.10222724,22.31604153,26.23112331,32.44636604
2017-01-28,23.88878621,25.12435812,29.6610321,23.26854928,30.63646155,23.61659509,30.82131663,24.89628393,26.92837824,35.15019797
2017-02-04,22.85347001,26.89931778,29.77654471,20.30822146,29.87986686,22.04620719,32.48909642,23.73694679,26.47620786,32.5245779
2017-02-11,27.4903767,26.84051411,30.38160734,21.48373044,31.01150309,25.41324434,32.56730085,25.41111672,29.74063672,34.35477349
2017-02-18,25.48778916,26.02078477,29.72762115,23.57323561,30.40817974,23.83079241,33.43161412,24.22503636,29.76198993,33.87306573
2017-02-25,26.19605144,27.30834356,27.98030751,23.40129656,30.03333144,24.20068721,33.71583115,21.51311044,22.80848009,36.64480661
2017-03-04,23.50988352,27.12934083,26.53701024,20.45583204,28.42411806,26.77403806,36.42774026,23.77278637,27.28858527,33.23639124
2017-03-11,27.6682573,25.83473965,26.51766484,17.55360646,29.55306533,25.50640878,34.52518929,22.99752108,27.65271136,32.81362949
2017-03-18,25.44238457,25.41192563,28.65095001,21.69225983,28.83544787,23.10137885,33.7263041,19.38533408,24.38765966,35.11495964
2017-03-25,27.54106016,25.86436016,20.95241662,17.45736779,27.82064482,22.55698119,32.15505679,24.16245637,29.00478952,34.75988177
2017-04-01,27.78409413,27.01149201,25.98359113,20.53273132,25.89787497,21.75271946,32.10986897,22.89693861,29.37646815,32.86957894
2017-04-08,26.63323356,27.8027975,28.88126911,24.81576285,30.16080999,25.32141478,33.91637277,22.59247502,27.10307795,33.92588405
2017-04-15,26.22080976,29.30565977,26.10187545,24.46603543,27.66223338,25.36501719,34.58692233,23.93460261,26.92325009,32.06945292
2017-04-22,11.37983074,26.61741188,25.97814563,24.67895986,27.89819241,28.17708606,34.8315367,22.14322415,27.1556028,36.94084395
2017-04-29,20.60681878,26.54874076,28.53945592,23.62636097,25.62807888,22.10807377,32.18309587,23.14657729,27.04507216,33.87360956
2017-05-06,17.09680089,27.93667226,26.16420798,20.88806875,28.63323967,21.13434274,31.21847814,24.34686187,26.86330316,34.39369517
2017-05-13,17.08414336,28.03546836,26.42935711,13.3302642,30.94394253,24.91263471,29.38702057,17.05215022,25.90521003,34.52227323
2017-05-20,18.04596747,23.73986825,26.30151137,19.04502181,30.05547967,23.00673336,28.68947074,22.78661235,26.31240595,27.27836262
2017-05-27,28.03845673,28.1706861,25.27072374,20.17815875,29.6447235,24.75926607,28.60423488,24.38222644,28.33698667,32.7747065
2017-06-03,26.11086907,28.49454029,26.83916329,23.87421273,26.41126978,25.18579537,30.44550299,24.4634384,28.07059686,31.67415762
2017-06-10,24.65450525,30.90884925,27.90517449,24.43934721,30.81803593,26.06752354,27.91745808,25.86041954,29.33927353,29.57817164
2017-06-17,20.69873046,28.71489702,27.25169558,20.31711612,25.25800986,20.81375985,28.06747499,22.57686638,26.9567021,31.91147211
2017-06-24,20.68887772,26.90492462,25.09913547,19.39324301,26.82594311,20.66464589,30.12213444,23.64444639,26.77000135,32.86028454
2017-07-01,25.28432088,28.3564314,25.66725129,19.31544003,29.12620585,22.78387643,28.87857422,22.94688033,26.10990916,29.66031682
2017-07-08,25.34844119,29.65109983,23.64117337,25.23626553,28.90182635,25.10525053,27.69651772,21.02206572,26.62795857,30.57880964
2017-07-15,28.15832685,22.10014136,22.04715718,25.65184037,27.42627344,24.17771505,28.06001889,21.55780687,24.40568911,32.86988569
2017-07-22,23.69527524,27.45034512,27.05256467,17.64239123,25.01751631,21.74073145,29.14721801,23.88526724,28.63388122,31.63171273
2017-07-29,19.66757505,28.63520072,27.05239313,25.41301,25.53947316,26.34369071,30.44091168,20.19410503,28.7188937,32.37970916
2017-08-05,27.54514148,26.59751364,27.42808018,24.82418251,27.91361512,29.04427764,28.65124576,23.54657448,29.46772714,33.60532663
2017-08-12,28.76776544,29.67988969,28.24695189,22.08652502,25.94206811,30.47424832,27.30149495,20.48975525,26.93127719,31.03919129
2017-08-19,23.80974095,31.43548965,27.51926994,23.07592597,30.859284,28.09464182,28.90134756,23.08271995,25.99402566,30.34061959
2017-08-26,24.4126578,29.55868689,26.87156624,17.90670808,27.66940492,28.81172001,29.4503754,17.40572196,25.93280914,30.69479897
2017-09-02,24.61278657,29.55482871,29.46209221,25.18705172,30.42553456,28.71642789,28.93322376,22.16855621,28.38107489,28.28781606
2017-09-09,27.30662555,28.80334958,30.17176531,25.632733,28.06638405,30.31768231,28.83642075,17.8310009,25.95556484,32.03556092
2017-09-16,29.32002916,30.29688996,28.42638323,23.78552577,30.35756077,25.14628446,29.60367551,22.19115189,26.19980905,32.43390627
2017-09-23,27.63962585,29.01222579,27.92807464,25.76230078,31.21528093,30.65626095,29.66236963,22.99334686,27.43700998,27.87447287
2017-09-30,28.05912425,26.78842195,28.06871047,24.97385098,28.19558657,30.9614836,29.83362051,22.38881261,25.63608953,28.22741048
2017-10-07,22.74287947,29.99630328,28.90043531,21.22330507,27.52912431,27.07948619,31.42328704,24.31679899,26.69220415,32.60921938
2017-10-14,22.56163177,28.8526963,27.29876803,20.07656766,28.07149133,27.99176531,29.13388974,22.78244806,27.3824518,31.08523111
2017-10-21,27.25042047,30.86746616,27.46246679,22.84399492,31.06885138,28.10265956,28.04457416,22.5876051,21.80014464,30.60955681
2017-10-28,18.81842371,29.66650687,27.9648953,20.70080305,31.11940519,24.35021803,27.91935747,16.03339759,21.20197162,27.88878341
2017-11-04,23.92955169,27.21585559,28.25152912,21.7443061,29.53437577,25.72284637,27.68763954,21.86494085,24.75208688,31.34154037
2017-11-11,25.92143341,27.70135018,28.52260161,17.50019162,24.49506838,23.91093817,29.03210302,25.7794127,28.0182367,29.94267072
2017-11-18,28.59356513,28.57838325,26.52122649,21.06814429,26.38294305,22.11660153,28.21508968,22.0993696,25.01093482,27.65395291
2017-11-25,24.09105809,26.53359706,27.73693744,19.15688295,25.58359919,20.79331755,28.47167865,22.29505542,24.16778306,27.78172907
2017-12-02,22.8380195,26.04484295,28.07806665,21.70220924,26.46997228,23.21679949,28.30790259,22.00219961,25.91301387,34.31099962
2017-12-09,24.47342904,28.19885063,28.98924121,17.9819261,28.37249126,24.8699719,26.70960416,20.94741266,24.62139514,25.14150797
2017-12-16,23.5337314,25.2705108,21.07811315,19.02198432,23.22391049,25.08440746,28.79914588,20.95651728,24.37583098,32.40189933
2017-12-23,26.23019281,27.62329886,30.05866371,17.71029873,31.13288802,24.78343154,31.93386728,21.94422201,25.0030965,34.03701592
2017-12-30,21.8170173,25.5415528,29.73968564,19.14252801,26.36368573,25.11192098,31.09329395,21.89927617,25.19586873,32.58036176
2018-01-06,22.59374114,26.27647891,31.85059428,20.64815586,24.27073802,22.66016097,27.74259737,23.26688105,25.83851652,28.60599306
2018-01-13,26.17352979,26.14311018,28.56035485,19.24355641,26.07076025,23.82554686,28.82989331,18.36624838,23.40057904,30.92894317
2018-01-20,25.42428384,27.47754894,27.99554784,21.57261167,24.10525953,24.74960076,28.6596637,24.10245557,27.74045669,32.86821601
2018-01-27,26.96369977,26.98104988,30.53710688,22.1443781,29.90510996,25.64310908,28.56547338,21.18735923,23.64396958,34.51036128
2018-02-03,25.95643208,27.19510373,26.26540546,23.65351103,30.73856821,22.41638386,31.3388346,24.44167509,26.0721562,33.39929517
2018-02-10,23.26895734,26.47578963,25.38887967,19.75282214,30.90067123,15.82649516,32.50375525,23.76756237,26.30632575,33.99738211
2018-02-17,27.67529466,26.16201952,31.57464154,25.79969775,31.02600301,25.64557689,33.61052314,22.23258781,23.95597645,34.46696329
2018-02-24,27.18953966,25.89057407,30.02111976,17.88117637,28.54567269,21.2519881,34.46162539,22.46387925,22.88940298,34.60874597
2018-03-03,27.71520767,26.22058721,30.20463222,23.37923731,29.24847914,25.3761732,34.11918732,24.53138982,26.10022853,34.71219945
2018-03-10,25.20681747,26.87377084,30.69214961,25.07986308,30.34604964,28.41505331,35.25229721,22.87792313,25.95162537,35.05008325
2018-03-17,26.34525419,31.07399262,32.53459656,24.12014883,29.85305787,27.60765893,35.30649985,25.20300847,29.48063151,35.30717485
2018-03-24,28.49296155,28.67940541,33.55077073,23.59210328,30.6930155,24.52605022,35.63128716,22.76544654,24.4085583,35.03168474
2018-03-31,28.46291541,26.79624168,32.78617749,24.1427099,30.93355005,23.70108263,36.75563597,24.49921345,25.55911516,35.06783409
2018-04-07,28.11887883,26.06878955,28.60500977,19.74933715,30.0522036,23.62972862,36.25991183,24.81232911,28.98947474,32.53010037
2018-04-14,26.32780834,25.5911079,25.57590631,23.34941714,27.42777152,21.88174548,36.06634827,22.70872635,30.19071794,34.03957811
2018-04-21,26.26784869,26.56424288,24.98912327,26.04544551,27.97564083,23.44234721,36.09474891,24.69356217,28.95606658,36.69087011
2018-04-28,25.76177945,30.11200477,25.97116651,23.94169618,29.96557083,24.76816863,33.68780657,24.71303303,24.92400659,36.9901102
2018-05-05,27.10993951,26.42832503,25.75576583,16.62351699,28.03727103,24.1393238,32.12206839,25.19606006,26.8342952,37.24908821
2018-05-12,29.89352368,27.19779914,26.1631786,16.98779717,26.16710497,21.50712868,29.78138518,22.89581323,26.95589681,33.72575906
2018-05-19,23.4569424,28.76203805,28.05425951,23.4314011,27.98921151,23.49221732,28.60107485,23.85023531,27.79328627,30.95834328
2018-05-26,24.14246366,26.19003052,24.96737234,23.66735902,27.21179369,25.06291655,29.40157152,22.2427086,25.13653714,29.79859876
2018-06-02,24.3864672,27.37896874,24.16277853,24.59422361,27.15476914,22.24893184,28.39005332,23.20590705,26.43379625,31.07998591
2018-06-09,26.34817247,28.75597201,16.8363229,20.88705126,26.46228518,21.88893982,29.63622252,20.93279732,23.96155693,34.70460247
2018-06-16,26.48564904,25.25130356,19.97337462,18.81057116,24.16899188,23.79754364,29.4439626,17.16942101,24.59561788,36.78833507
2018-06-23,26.77952931,27.37661901,20.5348681,23.48215847,25.51087034,24.93362999,27.54358037,23.83248446,24.28372876,31.43857262
2018-06-30,26.43359072,25.80495097,23.54490259,18.65899109,22.64774629,23.12988412,27.8529346,21.20485075,22.78010114,28.61155153
2018-07-07,26.88212631,26.09079851,26.02932352,21.11101851,26.95744219,22.77517062,29.19897493,22.89807333,24.70505179,32.31655882
2018-07-14,22.78489521,26.60116735,26.24587744,26.77889561,31.33568148,24.10677932,27.73731283,23.1942443,26.57650323,31.96290913
2018-07-21,22.74573588,28.90119151,26.41729203,24.15842423,28.03856763,27.54779595,27.6013085,19.05140231,26.74535373,31.1001633
2018-07-28,23.61024765,27.12339702,20.37152244,24.95129729,29.1250726,21.55448893,25.84510268,23.23438342,23.68365977,31.91333836
2018-08-04,23.68124366,30.32882696,22.69924814,25.23713841,28.78185858,26.57500971,28.71645043,22.62977977,21.57349826,31.29325852
2018-08-11,23.82331692,31.87333607,26.2598913,21.80100078,30.53062397,28.01636699,30.13772802,22.02281221,27.67913925,36.18748706
2018-08-18,27.44844856,31.39413647,28.01547744,26.944411,33.13799212,29.82588987,29.85221162,18.59497517,29.71996061,33.84610145
2018-08-25,24.26425823,30.44009854,26.75899579,25.37963051,30.92647145,26.52056192,29.6498242,21.44827881,27.94256973,35.25508157
2018-09-01,28.87904172,31.17990996,25.78741873,24.69640454,28.21938229,28.94393894,29.31406745,24.25961118,29.44860135,34.44593913
2018-09-08,28.07733175,27.83143614,28.64180694,26.24291738,27.95114084,27.36625599,28.12189877,24.75614738,28.70970248,34.73828832
2018-09-15,27.79035903,27.31276672,26.74565309,29.26260782,28.75249858,33.54198436,29.97419663,25.88520026,25.29899363,32.58075421
2018-09-22,26.7956798,28.32383496,29.79516861,25.53341411,31.86677291,27.83578665,28.97380182,24.27202782,28.08692811,30.95008221
2018-09-29,24.06312373,29.59450358,29.38508778,25.4634331,30.05152152,27.47121003,28.24757693,22.57716939,26.67551647,29.04813393
2018-10-06,25.5087039,28.39480723,29.18999269,22.62949755,29.61509529,29.42174218,28.77337104,22.56215694,24.71306257,27.11144718
2018-10-13,27.90468223,26.3212315,28.71357256,20.01280842,25.99170486,24.44570976,27.22104458,22.67738988,28.02183509,32.50119541
2018-10-20,26.94521534,25.83461516,28.24553229,17.40152725,25.45503989,23.78333516,29.63749934,22.60741336,26.40924509,28.33863305
2018-10-27,29.48283076,25.25337975,28.86116591,20.81743732,23.63022621,28.40269441,28.13756889,19.60608699,24.05296276,27.1342014
2018-11-03,26.96581369,27.96300281,26.71712774,21.55962814,27.27922838,26.84631971,26.44696259,24.44101958,24.81489001,31.94768352
2018-11-10,27.01030655,25.66343053,28.69987466,16.73637864,27.47164488,25.49443049,29.25419492,22.53346724,23.83928036,31.72521164
2018-11-17,27.41310854,24.5203378,27.35776955,18.46807444,25.46857201,23.93800515,30.21146284,22.49626788,25.44858982,30.2370567
2018-11-24,24.39134974,26.20678236,27.17597844,22.79138005,27.06241145,23.77419153,28.00375093,23.13887415,28.56988501,30.62194589
2018-12-01,22.12902048,26.51437986,24.4132884,21.60990946,26.3558805,20.15880154,28.90844492,21.43682542,28.36532527,32.990499
2018-12-08,24.50544562,26.4396128,30.40025477,21.23074252,29.75132985,24.77217947,29.65223566,22.15586828,25.54845566,34.90429322
2018-12-15,28.38687311,27.70855269,26.62895137,24.16623198,29.26753834,21.92766275,30.76827728,17.27111397,24.21362411,34.30289059
2018-12-22,25.93208056,28.11008007,29.28810725,24.08833231,27.59196157,26.23514993,28.07928668,19.07112423,24.25767578,34.31726315
2018-12-29,26.72645505,27.91900144,28.96185541,22.69097025,31.64561548,26.61697301,32.9283859,23.72322287,28.12923321,34.06766861
2019-01-05,26.44363043,29.85415465,30.44700165,26.11670974,33.06606497,30.15505895,32.52943736,25.60798031,28.68591434,34.07717727
2019-01-12,24.43320326,26.40153168,31.47171884,22.41666503,26.69299738,23.50521357,30.17821484,20.93618,23.88182995,32.51608566
2019-01-19,21.59025557,26.32407953,31.56578702,14.568847,27.3936594,25.49321488,33.06252991,19.33561526,20.7419905,33.78176232
2019-01-26,27.21105778,28.80947181,30.60829892,23.83845209,29.70250104,25.34593674,34.23614978,22.6640516,26.39070611,34.17135863
2019-02-02,28.54147473,27.47667457,23.7546623,24.74215036,28.01703289,21.05061686,33.20249757,23.24665208,28.59343573,34.08523952
2019-02-09,28.44365314,28.59366468,34.0065999,19.27735811,28.99520162,24.86446848,35.34883465,22.66018108,27.14793876,35.75680032
2019-02-16,27.63783355,29.84904069,33.68683825,24.4234456,29.25920098,26.2638442,34.9566748,24.31098813,27.23798751,33.8091489
2019-02-23,25.08245055,28.25774619,33.06639317,23.05662339,27.16508531,21.92089691,35.43753318,24.82071777,24.02629449,34.72677596
2019-03-02,24.16549859,27.41152592,34.75426296,23.80600885,29.12088139,24.06819646,34.97338605,26.21596374,25.76967789,34.77408469
2019-03-09,24.68216672,26.31710274,33.92297425,22.95318997,28.01677578,25.02426314,35.82435478,21.39877529,23.80775554,34.28132052
2019-03-16,27.05012953,26.31168892,33.92297425,23.63250845,31.36736453,26.59262843,36.11476831,21.49173349,26.76646335,35.83094343
2019-03-23,26.46078733,24.90784283,33.92297425,22.33190221,26.87010737,21.45502833,37.37108521,20.55066156,26.29063728,35.69957033
2019-03-30,28.41795453,27.84366253,32.43472261,18.02205692,27.26169322,24.21692101,37.64078915,21.63822191,23.97537306,35.43389999
2019-04-06,26.13972819,29.40435988,32.16016,24.13711992,29.69898177,23.12656705,38.32263211,18.13024678,18.37693565,37.13588549
2019-04-13,25.6770375,28.38351711,29.09608446,22.71179382,27.85125575,23.95673039,37.4916425,24.52820049,27.11507094,35.46888069
2019-04-20,27.18460284,26.60367856,26.99524685,19.98097624,25.53187896,20.24474958,35.32392361,22.57371954,27.45564285,35.42877667
2019-04-27,27.06798993,26.3946324,20.42742951,17.66363505,23.59142592,18.80424603,35.37062488,24.06721667,27.23887828,31.14036254
2019-05-04,27.77466202,28.87094854,25.02021551,16.54161202,27.79233646,23.96181368,34.99865872,22.99504016,28.23977507,36.42211362
2019-05-11,30.48547758,26.12426299,27.96575758,23.87220892,23.42334868,22.32657565,31.80181803,19.82615802,27.63855886,30.74084084
2019-05-18,24.56762088,26.93900087,25.71803734,23.57800222,23.92404933,25.42160351,31.80181803,20.23505555,26.30506084,29.4366151
2019-05-25,14.99272783,29.26852175,26.54545457,23.13753206,28.42039605,22.62153863,30.51834849,23.5900463,26.0425989,33.1655702
2019-06-01,17.00216652,25.49794281,25.59732837,17.40288017,27.05241918,23.7490214,28.87814865,22.86733288,25.4457344,32.97484033
2019-06-08,26.61393604,28.09332233,22.46193588,23.62844247,24.69013038,23.63356866,29.35133716,22.53156029,26.23929265,33.59370754
2019-06-15,29.70055729,26.50470054,24.24229597,24.57582864,31.391372,23.46899202,29.71967071,22.95271621,26.8331522,36.89072548
2019-06-22,23.58033658,26.31902118,26.48557495,22.56098295,29.45525637,24.72220085,29.9084359,20.49011509,21.24532522,32.48449133
2019-06-29,24.475297,23.17315481,27.23941482,21.17191099,26.08507645,21.95058382,26.78942954,23.17615697,24.54123708,31.52176314
2019-07-06,23.59990857,26.38604447,27.4883008,21.91036837,28.98149413,26.19994643,25.01387319,23.59970453,24.39774422,30.2892486
2019-07-13,25.95812455,31.49433984,16.89899702,24.98125877,30.45161402,28.67646439,29.48801278,22.02527673,29.27587937,33.12098585
2019-07-20,23.08959497,29.26363377,24.77149393,23.23331707,31.23620464,26.41900079,29.78118473,24.1798107,28.1899269,34.23635964
2019-07-27,22.53421225,29.70063227,26.44202565,19.46864588,27.97195934,23.88244318,28.16351017,24.23342429,24.41893815,30.41373688
2019-08-03,23.70928402,28.39366186,26.51285844,25.1077882,27.17081824,26.67179035,26.96817148,21.47765444,27.81843932,34.96567552
2019-08-10,26.99274038,28.6268821,26.24143872,25.86965566,28.18092583,23.63953134,27.27483051,24.60157558,27.22538019,37.75736052
2019-08-17,24.79868845,32.11807371,29.88695674,24.65150492,24.03763617,26.80939578,27.46587588,24.43437829,30.67447576,34.06282608
2019-08-24,26.31115661,31.9504205,30.34956672,27.56227952,28.14367671,27.54416717,26.21491969,22.26127115,28.02146357,35.49211156
2019-08-31,27.67149568,31.76034455,29.63669662,26.30398506,28.49344423,30.79770148,27.63789778,25.03920093,25.70985284,35.42262463
2019-09-07,27.77935485,33.84042089,27.16514235,24.12822995,29.9838196,30.81564144,26.44700014,23.71241326,26.55357398,35.13499648
2019-09-14,28.76301305,33.49715835,28.5562081,26.39824076,31.07646774,30.68341216,28.5850917,22.02125725,29.90608205,35.6602671
2019-09-21,27.68635405,28.59696925,26.23980359,24.84631542,29.77280157,29.16728338,28.04305294,21.83623615,29.83132004,32.29976667
2019-09-28,26.09473449,30.52022873,26.74261845,28.86726175,29.18112516,30.89095804,27.95231274,22.86204685,26.88191465,28.53111664
2019-10-05,24.03024654,29.75170277,26.49366243,22.07970966,29.79056967,27.61793216,28.43561368,23.69214353,28.28312874,29.43263924
2019-10-12,26.51443125,27.62954494,28.72878772,18.9472137,30.05906811,23.30843608,28.09487523,23.1422725,26.47596249,28.99301419
2019-10-19,28.80038818,27.00068986,28.41373171,28.99197888,28.86808815,29.42085652,28.6776618,22.21522934,25.87039741,32.43959315
2019-10-26,24.2835526,27.43696965,27.1416887,23.86842001,28.58714045,28.99188893,27.91485127,23.29585018,23.92650891,31.19199991
2019-11-02,23.86128089,25.9131949,28.20800746,22.90399266,28.61404637,25.75313101,28.80163684,23.27168808,25.0272701,32.95146667
2019-11-09,27.30232062,26.47601806,26.00736639,23.56534255,28.6171246,24.00143113,30.250787,23.94939163,25.34585713,32.85829209
2019-11-16,26.3183622,26.19813333,26.39998775,20.33710998,25.91795267,24.17350169,29.0228709,24.37305858,26.87736574,28.7778075
2019-11-23,26.12781289,27.00943993,25.15257826,17.70403825,27.14138517,23.88350264,27.25244733,24.55185571,28.49202244,33.12056654
2019-11-30,24.6478401,27.97862234,25.59399989,22.18983752,24.71250662,24.67541354,28.05122219,21.43031089,23.72539801,33.2618735
2019-12-07,22.31019574,27.48251463,28.68791945,22.11151777,28.94627711,24.44964998,26.1082313,23.00519267,25.70849106,32.39421428
2019-12-14,23.56636838,26.19776493,28.08632023,21.71579047,26.36972054,22.75570423,28.79895351,23.11636943,27.06220019,34.72582222
2019-12-21,26.58176016,27.27093976,27.01295147,19.73806918,22.73358507,24.59190093,29.58415711,21.85108539,26.7092102,31.15640095
2019-12-28,26.58304479,28.01249478,26.56950391,19.35138158,28.79781889,22.38352013,27.42561349,23.22321893,27.49927019,28.10068824
2020-01-04,29.3725416,23.86699269,28.29403351,26.97628093,28.11896805,25.30313368,26.32177653,21.16565687,24.29707071,34.1631219